Ingredient,PHE(mg),Protein(g),Energy(kcal),Serving_Size(g)
Acorn squash, baked, cubed,17.0,0.4,21.0,38.0
Acorn squash, boiled, mashed,16.0,0.4,20.0,61.0
African eggplants,0.0,0.0,0.0,300.0
Agaricus bisporus mushrooms, cooked,15.0,0.4,5.0,19.0
Agaricus bisporus mushrooms, raw,15.0,0.4,5.0,18.0
All Bran,29.0,0.8,13.0,5.0
Ground Allspice,0.0,6.1,263,100.0
Allspice Berries,37.0,0.75,26.0,10.0
Alpha-Bits,29.0,0.5,28.0,7.0
Animal crackers, cinnamon graham,29.0,0.6,45.0,10.0
Apple,6,0.26,52,100.0
Apple Jacks,26.0,0.5,36.0,9.0
Apple butter,0.0,0.0,,100.0
Apple chips (Nature's Favorite ®),6.0,0.2,60.0,15.0
Apple cider vinegar,0.0,0.0,0.0,100.0
Apple cinnamon cookies,31.0,0.8,43.0,10.0
Apple fruit pie filling,4.0,0.1,135.0,123.0
Apple juice,5.0,0.2,109.0,218.0
Apple juice, canned,2.0,0.1,60.0,124.0
Apple/banana juice,5.0,0.2,50.0,93.0
Apple/blueberry,5.0,0.2,42.0,83.0
Apple/carrot,15.0,0.2,89.0,214.0
Apple/cherry juice,5.0,0.3,62.0,124.0
Apple/cranberry juice,5.0,0.2,46.0,93.0
Apple/grape juice,5.0,0.2,112.0,218.0
Apple/mango/kiwi,5.0,0.1,60.0,100.0
Apple/prune juice,5.0,0.3,69.0,124.0
Apple/strawberry,5.0,0.1,60.0,100.0
Apple/sweet potato,15.0,0.4,62.0,125.0
Apples,0.0,0.0,0.0,100.0
Applesauce,5.0,0.2,48.0,86.0
Applesauce/apricot,15.0,0.3,52.0,100.0
Apricot nectar, canned,15.0,0.3,53.0,94.0
Apricot/mixed fruit,15.0,0.4,45.0,75.0
Artichoke hearts,60.0,3.3,47.0,100.0
Artichokes,0.0,0.0,0.0,100.0
Arugula,0.0,0.0,0.0,100.0
Asparagus canned green,15.0,0.6,6.0,30.0
Asparagus canned white,19.0,0.6,7.0,38.0
Asparagus fresh or frozen, cooked,16.0,0.6,6.0,22.0
Asparagus raw,0.0,0.0,0.0,1443.0
Asparagus, Cream of,16.0,0.4,15.0,21.0
Avocado,0.0,0.0,0.0,250.0
Avocado Oil,0.0,0.0,0.0,100.0
Avocados, all varieties, mashed,17.0,0.5,38.0,23.0
Baby bok Choy,30.0,1.5,13.0,100.0
Baby bok choy,0.0,0.0,0.0,495.75
Baked onions,0.0,0.0,0.0,100.0
Baker's yeast,0.0,0.0,0.0,100.0
Balsamic Vinegar,0.0,0.0,0.0,100.0
Balsamic vinegar,0.0,0.0,0.0,100.0
Bamboo Shoots,0.0,0.0,0.0,755.0
Bamboo shoots, canned, sliced,15.0,0.4,5.0,25.0
Banana cookies,30.0,0.7,43.0,10.0
Banana/oatmeal/peach,15.0,0.3,20.0,27.0
Banana/pineapple,15.0,0.4,32.0,43.0
Banana/strawberry,15.0,0.6,54.0,60.0
Bananas,15.0,0.5,47.0,47.0
Bananas, sliced,16.0,0.4,39.0,42.0
Bananas/apples/pears,15.0,0.4,36.0,43.0
Bananass,0.0,0.0,0.0,100.0
Baobab fruit powder,0.0,0.0,0.0,300.0
Baobab leaves,0.0,0.0,0.0,350.0
Barbecue sauce,6.0,0.3,12.0,16.0
Barley,28.0,0.5,15.0,4.0
Barnum's Animal Crackers ®,34.0,0.7,45.0,10.0
Basil,0.0,0.0,0.0,100.0
Basmati Rice (Cooked),0.0,0.0,0.0,100.0
Basmati rice,0.0,0.0,0.0,100.0
Bay Leaf,0.0,0.0,0.0,100.0
Bay leaf,0.0,0.0,0.0,100.0
Bean sprouts,0.0,0.0,0.0,100.0
Beans (low protein option),0.0,0.0,0.0,100.0
Beans, snap, green, canned,14.0,0.4,7.0,34.0
Beans, snap, green, fresh, cooked,14.0,0.4,7.0,16.0
Beans, snap, green, frozen, cooked,17.0,0.5,9.0,34.0
Beans, sprouts, mung, cooked,14.0,0.3,3.0,16.0
Beans, sprouts, mung, raw,15.0,0.4,4.0,13.0
Beans, sprouts, soy, cooked,12.0,0.4,3.0,6.0
Beans, sprouts, soy, raw,13.0,0.4,3.0,8.0
Beans, yellow wax, canned,14.0,0.4,7.0,34.0
Beer, regular,2.0,0.1,12.0,28.0
Beet greens, cooked,12.0,0.5,5.0,18.0
Beet root,0.0,0.0,0.0,100.0
Bell Pepper,0.0,0.0,0.0,790.0
Bell Peppers,0.0,0.0,0.0,100.0
Bell pepper,29.0,0.9,26.0,100.0
Bell peppers,0.0,0.0,0.0,100.0
Berry punch,5.0,0.2,111.0,218.0
Black Pepper,0.0,0.0,0.0,100.0
Black Pepper (ground),0.0,0.0,0.0,100.0
Black pepper,603.0,10.4,251.0,100.0
Blackberries, canned, heavy syrup,16.0,0.6,39.0,25.0
Blackberries, frozen,17.0,0.6,32.0,50.0
Blackberries, raw,15.0,0.5,38.0,72.0
Blueberries, canned, heavy syrup,15.0,0.4,56.0,64.0
Blueberries, frozen, sweetened,16.0,0.5,93.0,115.0
Blueberries, raw,17.0,0.5,41.0,72.0
Boiled Potato,0.0,0.0,0.0,100.0
Boiled chicory,0.0,0.0,0.0,100.0
Boiled potato,75.0,2.0,87.0,100.0
Boiled potatoes,0.0,0.0,0.0,100.0
Bok Choy,0.0,0.0,0.0,855.0
Boysenberries, canned, heavy syrup,18.0,0.6,56.0,64.0
Bran Buds,28.0,0.7,14.0,5.0
Bran Chex,29.0,0.6,20.0,6.0
Bread Cubes,0.0,0.0,0.0,100.0
Breadcrumbs,0.0,0.0,0.0,100.0
Broccoli,0.0,0.0,0.0,100.0
Brown sugar,0.0,0.0,52.0,14.0
Brussels sprouts,16.0,0.5,8.0,21.0
Buckwheat,0.0,0.0,0.0,820.0
Burdock Root,60.0,1.5,72.0,100.0
Butter, stick,6.0,0.1,101.0,14.0
Buttered Popcorn,31.0,0.6,27.0,6.0
Butternut squash, baked, cubed,18.0,0.5,20.0,51.0
Butternut squash, boiled, mashed,15.0,0.4,12.0,30.0
Butternut squash/corn,15.0,0.5,12.0,25.0
Butterscotch chips,5.0,0.1,15.0,5.0
C W Post plain,29.0,0.5,27.0,6.0
C W Post with raisins,29.0,0.6,28.0,7.0
Cabbage,0.0,0.0,0.0,910.0
Cabbage Core Shreds,0.0,0.0,0.0,605.0
Candy corn,0.0,0.0,58.0,16.0
Canned apricots, heavy syrup,14.0,0.3,54.0,64.0
Cannellini beans (small amount),0.0,0.0,0.0,100.0
Canola oil,0.0,0.0,0.0,100.0
Cantaloupe, cubed,13.0,0.5,18.0,53.0
Cap'n Crunch,33.0,0.6,51.0,12.0
Cap'n Crunch's Crunch Berries,32.0,0.6,49.0,12.0
Cap'n Crunch's Peanut Butter,33.0,0.6,38.0,9.0
Capers,0.0,0.0,0.0,100.0
Capsicum,50.0,1.0,26.0,100.0
Caramel Popcorn,28.0,0.5,34.0,9.0
Caraway Seeds,0.0,0.0,0.0,100.0
Carbonated beverages, caffeine-free,0.0,0.0,52.0,113.0
Carrot,0.0,0.0,0.0,100.0
Carrots,0.0,0.0,0.0,100.0
Carrots, canned,15.0,0.5,17.0,50.0
Carrots, cooked,0.0,0.0,0.0,100.0
Carrots, fresh or cooked,14.0,0.4,18.0,39.0
Carrots, sliced,18.0,0.6,24.0,55.0
Casaba, cubed,15.0,0.5,15.0,57.0
Cassava,0.0,0.0,0.0,300.0
Cassava Leaves (Raw),215.0,7.0,70.0,100.0
Cassava Root (Boiled),22.0,0.6,112.0,100.0
Cassava Root (Raw),40.0,1.4,160.0,100.0
Cassava leaves,0.0,0.0,0.0,350.0
Cassava root,0.0,0.0,0.0,300.0
Cauliflower,0.0,0.0,0.0,100.0
Cauliflower rice,90.0,2.0,40.0,100.0
Cauliflower, cooked,16.0,0.4,6.0,23.0
Cauliflower, frozen,13.0,0.4,4.0,22.0
Cauliflower, raw,0.0,0.0,0.0,100.0
Cayenne,0.0,0.0,0.0,100.0
Celery,0.0,0.0,0.0,890.0
Celery Root,0.0,0.0,0.0,720.0
Celery, Cream of,20.0,0.4,22.0,31.0
Celery, diced,11.0,0.4,11.0,75.0
Celery, raw,35.0,0.7,16.0,100.0
Chaat Masala,0.0,0.0,0.0,100.0
Chaat masala,180.0,6.0,210.0,100.0
Chard, cooked,15.0,0.2,3.0,14.0
Chayote, cooked,0.0,0.0,0.0,970.5
Cheerios,35.0,0.6,17.0,4.0
Cherries, canned, heavy syrup, sour red,12.0,0.6,70.0,77.0
Cherries, canned, heavy syrup, sweet,15.0,0.5,67.0,86.0
Cherries, raw,13.0,0.6,34.0,48.0
Cherry Jam,0.0,0.0,0.0,100.0
Cherry fruit pie filling,5.0,0.2,49.0,47.0
Cherry jam,0.0,0.0,0.0,99.3
Cherry tomatoes,0.0,0.0,0.0,100.0
Chicken Gumbo,16.0,0.4,9.0,21.0
Chicken Stock,0.0,6.0,86.0,240.0
Chicken Vegetable,17.0,0.5,9.0,16.0
Chicory,0.0,0.0,0.0,100.0
Chili,0.0,0.0,0.0,100.0
Chili Flakes,50.0,1.0,40.0,10.0
Chili Sauce,0.0,0.0,0.0,100.0
Chili flakes,0.0,0.0,0.0,100.0
Chili oil,0.0,0.0,0.0,100.0
Chilli Flakes,0.0,8.0,20.0,100.0
Chinese Broccoli,0.0,0.0,0.0,805.0
Chinese Broccoli / Gai Lan,65.0,2.7,22.0,100.0
Chinese Celery,0.0,0.0,0.0,705.0
Chinese Leek,0.0,0.0,0.0,705.0
Chinese black vinegar,0.0,0.0,0.0,100.0
Chinese cabbage (Pak-choi), cooked,15.0,0.5,4.0,32.0
Chinese cabbage (Pak-choi), raw,0.0,0.0,0.0,330.0
Chinnamon Toast Crunch,30.0,0.7,80.0,19.0
Chives,0.0,0.0,0.0,100.0
Chocolate drink powder,4.0,0.1,11.0,3.0
Chocolate pudding mix,6.0,0.1,23.0,7.0
Chocolate sauce (Hershey's ®),25.0,0.5,49.0,20.0
Chocolate syrup,5.0,0.1,14.0,6.0
Chow mein noodles,35.0,0.8,38.0,7.0
Chutney,0.0,0.0,0.0,100.0
Cilantro,0.0,0.0,0.0,100.0
Cinnamon,0.0,0.0,0.0,100.0
Cinnamon powder,0.0,0.0,0.0,100.0
Cloves,0.0,0.0,0.0,100.0
Cocoa  Puffs,31.0,0.7,73.0,19.0
Cocoa Krispies,27.0,0.6,46.0,12.0
Cocoa Pebbles,33.0,0.8,66.0,16.0
Coconut,106.0,3.3,354.0,100.0
Coconut Milk,35.0,1.0,45.0,240.0
Coconut Oil,0.0,0.0,0.0,100.0
Coconut cream,0.0,0.0,0.0,100.0
Coconut milk,0.0,0.0,0.0,100.0
Coconut, dried, sweetened w/ sugar,5.0,0.1,15.0,3.0
Coffee, instant, powder,5.0,0.2,4.0,2.0
Collards, cooked,18.0,0.5,6.0,48.0
Collards, frozen,14.0,0.4,5.0,14.0
Cooked Rice,0.0,0.0,0.0,100.0
Cooked broccoli,18.0,0.6,6.0,20.0
Cookie Crisp,26.0,0.5,39.0,10.0
Cool Whip ® extra creamy,6.0,0.1,15.0,5.0
Cool Whip ® regular,6.0,0.1,22.0,8.0
Coriander,0.0,0.0,0.0,100.0
Corn,0.0,0.0,0.0,250.0
Corn Bran,32.0,0.6,31.0,9.0
Corn Chex,26.0,0.5,28.0,7.0
Corn Flakes,31.0,0.6,29.0,7.0
Corn Kernels,0.0,0.0,0.0,100.0
Corn Tortilla (6 diameter),36.0,0.7,27.0,8.0
Corn grits instant cheese flavor,36.0,0.7,27.0,36.0
Corn grits instant plain,27.0,0.5,20.0,34.0
Corn grits regular, quick (plain),33.0,0.6,28.0,45.0
Corn kernels,28.0,3.2,86.0,100.0
Corn syrup,0.0,0.0,58.0,20.0
Cornmeal,0.0,0.0,0.0,100.0
Cornstarch,0.0,0.0,0.0,100.0
Cranberry juice cocktail,1.0,0.0,72.0,126.0
Cranberry sauce, canned,5.0,0.1,104.0,69.0
Cream of Rice,30.0,0.7,42.0,81.0
Cream of Wheat Mix'n Eat flavored,33.0,0.6,33.0,38.0
Cream of Wheat Mix'n Eat plain,37.0,0.7,26.0,36.0
Cream of Wheat instant,30.0,0.6,19.0,30.0
Cream of Wheat quick,25.0,0.4,16.0,30.0
Cream of Wheat regular,30.0,0.5,19.0,30.0
Creamed corn,30.0,0.6,19.0,31.0
Creamed spinach,30.0,0.6,9.0,20.0
Crisp Rice,26.0,0.6,37.0,9.0
Crispy Wheat 'n Raisins,35.0,0.7,37.0,11.0
Cucumber,0.0,0.0,0.0,896.0
Cucumber, sliced,16.0,0.6,14.0,104.0
Cucumbers,0.0,0.0,0.0,100.0
Cumin,0.0,0.0,0.0,100.0
Cumin Powder,0.0,0.0,0.0,100.0
Cumin Seeds,0.0,0.0,0.0,100.0
Cumin powder,420.0,17.8,375.0,100.0
Curry Leaves,0.0,0.0,0.0,100.0
Curry Masala,0.0,0.0,0.0,100.0
Curry Powder,0.0,0.0,0.0,100.0
Curry leaves,93.0,6.0,108.0,100.0
Curry masala,280.0,10.0,300.0,100.0
Daikon,0.0,0.0,0.0,100.0
Dark Soy Sauce,50.0,1.0,10.0,15.0
Dark soy sauce,0.0,0.0,0.0,100.0
Dates,14.0,0.5,68.0,25.0
Dijon Mustard,0.0,0.0,0.0,100.0
Dill pickles,16.0,0.6,14.0,104.0
Dill pickles, relish,12.0,0.4,14.0,83.0
Doodads ®,34.0,0.8,35.0,7.0
Doritos®,28.0,0.7,44.0,9.0
Dosa Batter,0.0,0.0,0.0,100.0
Dosa batter,25.0,2.5,150.0,100.0
Doughnuts, Ener-G® Banana,31.0,0.8,309.0,84.0
Dried Cranberries,0.0,0.0,140.0,40.0
Dried Oregano,0.0,0.0,0.0,100.0
Dried apricots, halves,16.0,0.4,25.0,11.0
Dried chili peppers,0.0,0.0,0.0,100.0
Dried red chili peppers,0.0,0.0,0.0,100.0
Eggplant,0.0,0.0,0.0,100.0
Eggplant, cooked,17.0,0.4,13.0,48.0
Eggplant, raw,14.0,0.3,8.0,31.0
Eggs,0.0,0.0,0.0,350.0
Endive, raw, shredded,13.0,0.3,4.0,25.0
Enoki Mushroom,0.0,0.0,0.0,555.0
Exceed® Energy Drink,0.0,0.0,35.0,124.0
Farina,34.0,0.6,22.0,44.0
Fava beans,0.0,0.0,0.0,100.0
Fennel,0.0,0.0,0.0,890.0
Figs, canned, heavy syrup,15.0,0.7,180.0,168.0
Figs, dried, uncooked,14.0,0.6,48.0,19.0
Figs, whole, large,15.0,0.6,61.0,83.0
Flattened PKU Rice (Poha),0.0,0.0,0.0,100.0
Flattened PKU rice (Poha),72.0,2.3,110.0,100.0
Floral Honey,0.0,0.01,30.0,10.0
Floral honey,0.0,0.0,0.0,100.0
Flour,0.0,0.0,0.0,100.0
Flour Tortilla (6 diameter),33.0,0.7,27.0,8.0
Flour, cake,0.0,0.0,0.0,100.0
Fortified Oat Flakes,29.0,0.6,11.0,3.0
French fries (1/2 x 1/2 x 2),32.0,0.7,64.0,20.0
French salad dressing,4.0,0.1,67.0,16.0
Fresh Basil,3.0,0.08,0.58,3.0
Fresh Cream,0.0,0.0,0.0,100.0
Fresh Dill,0.65,0.03,0.43,1.0
Fresh Grated Coconut,0.0,0.0,0.0,100.0
Fresh chives,0.0,0.0,0.0,100.0
Fresh cream,108.0,2.3,195.0,100.0
Fresh fresh dill,0.0,0.0,0.0,100.0
Fresh grated coconut,97.0,3.2,354.0,100.0
Fresh rosemary,0.0,0.0,0.0,100.0
Fresh thyme,0.0,0.04,0.81,1.0
Fritos®,30.0,0.7,55.0,10.0
Froot Loops,29.0,0.6,37.0,9.0
Frosted Mini-Wheats®,38.0,0.8,28.0,8.0
Frosted Rice Krinkles®,34.0,0.8,62.0,16.0
Frosted Rice Krispies®,28.0,0.6,54.0,14.0
Frosting, strawberry and vanilla,0.0,0.0,69.0,16.0
Frozen apricots, sweetened,16.0,0.4,60.0,60.0
Fruit Roll-UPS®,4.0,0.2,55.0,14.0
Fruit Wheat Squares,32.0,0.7,35.0,10.0
Fruit butters,1.0,0.1,13.0,7.0
Fruit cocktail, canned, heavy syrup,14.0,0.4,93.0,128.0
Fruit ice,6.0,0.2,62.0,48.0
Fruit ices,0.0,0.0,69.0,100.0
Fruit juice bar,2.0,0.1,43.0,52.0
Fruit medley tropical fruit dessert,5.0,0.2,64.0,100.0
Fruit punch,5.0,0.2,113.0,218.0
Fruit salad,5.0,0.2,32.0,50.0
Fruit salad, canned, heavy syrup,14.0,0.4,94.0,128.0
Fruity Pebbles®,28.0,0.6,66.0,16.0
Fun Fruits®,2.0,0.1,100.0,26.0
Fuzzy Melon,0.0,0.0,0.0,905.0
Garden carrots/brown rice,15.0,0.4,20.0,47.0
Garden vegetables,30.0,0.4,11.0,30.0
Garlic Chives,0.0,0.0,0.0,705.0
Garlic Powder,0.0,0.0,0.0,100.0
Garlic Sprouts,0.0,0.0,0.0,555.0
Garlic chives,0.0,0.0,0.0,100.0
Garlic powder,0.0,0.0,0.0,100.0
Garlic, raw,134.0,6.4,149.0,100.0
Gatorade®,0.0,0.0,25.0,125.0
Gelatin pop,5.0,0.3,16.0,22.0
Ghee,0.0,0.0,900.0,100.0
Ginger,0.0,0.0,0.0,100.0
Ginger, raw,0.0,0.0,0.0,100.0
Golden Grahams,28.0,0.5,38.0,10.0
Goldfish ®, original,29.0,0.6,44.0,9.0
Gooseberries, canned, light syrup,15.0,0.4,46.0,63.0
Granny Smith Golden Apples,0.0,0.0,0.0,1018.4
Granulated sugar,0.0,0.0,0.0,100.0
Grape Nuts Flakes®,33.0,0.7,22.0,6.0
Grapefruit, canned, light syrup,15.0,0.5,50.0,85.0
Grapefruit, juice, canned, unsweetened,19.0,0.6,48.0,124.0
Grapefruit, sections,16.0,0.5,24.0,77.0
Grapes, Thompson, seedless, canned, heavy syrup,13.0,0.6,93.0,128.0
Grapes, adherent skin,16.0,0.8,86.0,120.0
Grapes, juice, canned,15.0,0.7,78.0,126.0
Grapes, slipskin,12.0,0.6,58.0,92.0
Grapeseed Oil,0.0,0.0,0.0,1206.0
Grapeseed oil,0.0,0.0,90.0,10.0
Gravy mushroom mix, dry,4.0,0.1,3.0,1.0
Gravy mushroom, canned,6.0,0.1,5.0,10.0
Gravy onion mix, dry,5.0,0.1,3.0,1.0
Green Bananas,0.0,0.0,0.0,350.0
Green Beans,0.0,0.0,0.0,860.0
Green Bell Peppers,0.0,0.0,0.0,100.0
Green Cabbage,0.0,0.0,0.0,880.0
Green Chili,0.0,0.0,0.0,100.0
Green Chutney,0.0,0.0,0.0,100.0
Green apple,25.0,0.3,52.0,100.0
Green beans,0.0,0.0,0.0,300.0
Green beans/rice,15.0,0.3,12.0,28.0
Green bell pepper,0.0,0.0,0.0,100.0
Green bell peppers,0.0,0.0,0.0,100.0
Green cabbage,0.0,0.0,0.0,100.0
Green chili,0.0,0.0,0.0,100.0
Green chutney (avg.),55.0,1.2,70.0,100.0
Green peas,0.0,0.0,0.0,100.0
Green peppers, cooked,13.0,0.4,12.0,68.0
Green peppers, raw,13.0,0.4,13.0,50.0
Greenbeans/potatoes,30.0,0.6,16.0,26.0
Grilled radicchio,0.0,0.0,0.0,100.0
Ground Cinnamon,0.0,0.0,5.0,3.0
Ground white pepper,0.0,0.0,0.0,100.0
Guava tropical fruit dessert,5.0,0.1,58.0,83.0
Guava, raw,2.0,0.7,45.0,90.0
Guava, sauce,1.0,0.4,43.0,119.0
Gumdrops,0.0,0.0,14.0,4.0
Hard candy,0.0,0.0,39.0,10.0
Hawaiian delight dessert, 2nd Foods,15.0,0.3,20.0,24.0
Hawaiian delight dessert, 3rd Foods,15.0,0.3,18.0,21.0
Ho Ho's ®,27.0,0.6,60.0,14.0
Honey,0.0,0.0,0.0,100.0
Honey Nut Cheerios®,27.0,0.5,18.0,5.0
Honey Nut Corn Flakes®,31.0,0.6,38.0,9.0
Honeycomb®,33.0,0.6,43.0,11.0
Honeydew, cubed,11.0,0.4,30.0,85.0
Horseradish,0.0,0.0,0.0,100.0
Hubbard squash, baked, cubed,15.0,0.6,13.0,26.0
Hubbard squash, boiled, mashed,17.0,0.4,9.0,30.0
Ice cream cone, wafer type,22.0,0.4,17.0,4.0
Idli Batter,0.0,0.0,0.0,100.0
Idli batter,20.0,2.0,120.0,100.0
Italian salad dressing,4.0,0.1,69.0,15.0
Italian seasoning,0.0,0.0,0.0,100.0
Jaggery,40.0,0.4,383.0,100.0
James,1.0,0.1,18.0,7.0
Japanese/Lebanese cucumbers,0.0,0.0,0.0,470.0
Jell-O ®, w/ sugar,30.0,0.6,65.0,80.0
Jellies,0.0,0.0,50.0,20.0
Jelly beans,0.0,0.0,103.0,28.0
Jicama slices, raw,0.0,0.0,0.0,805.0
Kabocha,35.0,1.2,38.0,100.0
Kabocha Squash,0.0,0.0,0.0,955.0
Kabocha squash,28.0,1.2,35.0,100.0
Kabocha squash (roasted, chopped),0.0,0.0,0.0,947.0
Kailan,0.0,0.0,0.0,805.0
Kale, cooked,16.0,0.3,5.0,16.0
King Vitaman®,29.0,0.5,43.0,11.0
Kiwi fruit,16.0,0.5,31.0,50.0
Kix®,29.0,0.6,24.0,6.0
Kohlrabi, sliced, cooked,17.0,0.7,12.0,41.0
Kohlrabi, sliced, raw,0.0,0.0,0.0,890.0
Komatsuna,0.0,0.0,0.0,705.0
Kool-Aid®, sweetened w/ sugar,0.0,0.0,48.0,125.0
Korean red pepper flakes,0.0,0.0,0.0,100.0
Lard,0.0,0.0,0.0,100.0
Leek,0.0,0.0,0.0,100.0
Lemon,0.0,0.0,0.0,100.0
Lemon Juice,0.0,0.0,0.0,100.0
Lemon Zest,0.0,0.0,0.0,100.0
Lemon juice,0.0,0.0,0.0,100.0
Lemon pudding, canned (Hunt's®),0.0,0.0,151.0,121.0
Lemon zest,0.0,4.0,100.0,28.0
Lentils,0.0,0.0,0.0,100.0
Lettuce,0.0,0.0,0.0,705.0
Lettuce bibb and Boston, raw,16.0,0.4,4.0,30.0
Lettuce iceberg, shredded,14.0,0.3,4.0,28.0
Life®,28.0,0.5,10.0,3.0
Lime juice,0.0,0.0,0.0,100.0
Limeade, sweetened w/ sugar,0.0,0.0,51.0,125.0
Liquid nondairy creamer, w/ sodium caseinate,6.0,0.1,14.0,10.0
Liquor,0.0,0.0,70.0,28.0
Lollipop,0.0,0.0,108.0,28.0
Lotus Root,0.0,0.0,0.0,805.0
Lotus root,0.0,0.0,0.0,618.8
Low protein bread,29.0,1.0,200.0,100.0
Low-Protein Rice,0.0,0.0,0.0,100.0
Low-protein beans,0.0,0.0,0.0,350.0
Low-protein flour,0.0,0.0,0.0,350.0
Low-protein peanut substitute,0.0,0.0,0.0,100.0
Low-protein rice,0.0,0.0,0.0,450.0
Lucky Charms®,30.0,0.5,23.0,6.0
M&M ® candy, plain,6.0,0.2,8.0,2.0
Macaroni,31.0,0.6,18.0,12.0
Maize,0.0,0.0,0.0,250.0
Malt-o-Meal,29.0,0.5,18.0,35.0
Maltax,33.0,0.7,22.0,31.0
Mango tropical fruit dessert,5.0,0.1,43.0,50.0
Mango/banana/passion fruit juice,6.0,0.1,34.0,57.0
Mangoes, sliced,14.0,0.4,54.0,82.0
Mapl,0.0,0.0,0.0,100.0
Maple syrup,0.0,0.0,50.0,20.0
Margarine liquid,4.0,0.1,34.0,5.0
Margarine soft,5.0,0.1,102.0,14.0
Margarine stick or brick,6.0,0.1,101.0,14.0
Marinara sauce,0.0,0.0,0.0,100.0
Marmalade,3.0,0.1,50.0,19.0
Marshmallow,4.0,0.2,26.0,8.0
Masala Powder,0.0,0.0,0.0,100.0
Masala powder,50.0,5.0,350.0,100.0
Mayonaise,0.0,0.0,0.0,100.0
Mayonnaise,5.0,0.1,66.0,9.0
Maypo Oat,34.0,0.7,21.0,30.0
Millet flour,0.0,0.0,0.0,350.0
Mint,0.0,0.0,0.0,100.0
Mint Leaves,0.0,0.0,0.0,100.0
Mint leaves,0.0,0.0,0.0,100.0
Miso Paste,0.0,0.0,0.0,100.0
Miso subsituite,15.0,0.2,140.0,1.0
Mixed,30.0,0.6,23.0,6.0
Mixed Fruit,15.0,0.3,56.0,115.0
Mixed Vegetables,15.0,0.3,11.0,27.0
Mixed fruit juice,15.0,0.3,60.0,125.0
Mixed fruit, canned, heavy syrup,14.0,0.5,92.0,127.0
Mixed vegetables,0.0,0.0,0.0,300.0
Mixed/apples/banans,30.0,0.6,41.0,54.0
Mixed/applesauce/bananas,30.0,0.6,49.0,57.0
Molasses,0.0,0.0,48.0,21.0
Mushroom, Cream of,16.0,0.4,20.0,20.0
Mushrooms,0.0,0.0,0.0,100.0
Mustard,0.0,0.0,0.0,100.0
Mustard Seeds,350.0,26.0,508.0,100.0
Mustard greens, cooked,0.0,0.0,0.0,505.0
Napa Cabbage,0.0,0.0,0.0,1040.0
Nectarines, sliced,16.0,0.5,25.0,52.0
Noodles,26.0,0.5,17.0,13.0
Nopales, cooked, chopped,42.0,1.35,22.0,100.0
Nutmeg,0.0,0.0,0.0,100.0
Nutrigrain Barley,31.0,0.6,19.0,5.0
Nutrigrain Corn,32.0,0.6,30.0,8.0
Nutrigrain Rye,31.0,0.7,27.0,8.0
Oat Flakes,29.0,0.6,11.0,3.0
Oat fiber,0.0,0.0,200.0,100.0
Oat milk,6.0,0.2,40.0,100.0
Oat milk dressing,10.0,0.3,180.0,100.0
Oatmeal,27.0,0.4,12.0,3.0
Oatmeal/apples/cinnamon,30.0,0.6,36.0,53.0
Oatmeal/applesauce/bananas,30.0,0.5,35.0,42.0
Oatmeal/banana,27.0,0.4,16.0,4.0
Oatmeal/mixed fruit,32.0,0.6,25.0,6.0
Oats, regular, quick, and instant,28.0,0.5,12.0,20.0
Oil,0.0,0.0,0.0,100.0
Oil, vegetable,0.0,0.0,0.0,100.0
Okra,0.0,0.0,0.0,350.0
Okra, pods or sliced, cooked,16.0,0.5,8.0,23.0
Olive Oil,0.0,0.0,0.0,100.0
Olive oil,0.0,0.0,0.0,100.0
Olives,0.0,0.0,0.0,100.0
Olives, black or green,4.0,0.2,15.0,10.0
Onion,0.0,0.0,0.0,100.0
Onion Powder,52.0,1.04,34.0,10.0
Onion rings,18.0,0.4,90.0,25.0
Onion, raw,0.0,0.0,0.0,100.0
Onions,0.0,0.0,0.0,100.0
Onions, cooked,15.0,0.7,20.0,75.0
Onions, green, raw,0.0,0.27,5.0,15.0
Onions, raw,15.0,0.6,15.0,50.0
Orange juice,7.0,0.6,47.0,100.0
Orange juice, canned,17.0,1.5,105.0,249.0
Orange juice, frozen, diluted,15.0,1.3,84.0,187.0
Orange sections,14.0,0.4,21.0,45.0
Oranges,0.0,0.0,0.0,100.0
Oreo ®,24.0,0.5,53.0,11.0
PKU Bread,0.0,0.0,0.0,100.0
PKU bread,10.0,1.0,150.0,100.0
Palm oil,0.0,0.0,0.0,100.0
Papaya,6.0,0.5,43.0,100.0
Papaya nectar,5.0,0.4,142.0,250.0
Papaya tropical fruit dessert,5.0,0.2,53.0,83.0
Papaya, cubed,13.0,0.9,54.0,140.0
Paprika,0.0,0.0,0.0,100.0
Parsley,0.0,0.0,0.0,100.0
Parsnip, raw,85.0,1.2,75.0,100.0
Parsnips,0.0,0.0,0.0,100.0
Parsnips, cooked,15.0,0.6,48.0,58.0
Passion fruit , whole, small,12.0,0.4,73.0,18.0
Passion fruit juice,14.0,0.5,63.0,124.0
Pasta,0.0,0.0,0.0,100.0
Peach cobbler dessert, 2nd Foods,15.0,0.7,103.0,136.0
Peach cobbler dessert, 3rd Foods,14.0,0.6,54.0,125.0
Peach fruit pie filling,5.0,0.2,54.0,50.0
Peach nectar,5.0,0.2,34.0,62.0
Peach/mango dessert,5.0,0.2,47.0,78.0
Peaches,15.0,0.5,46.0,94.0
Peaches, 2nd Foods,15.0,0.6,56.0,88.0
Peaches, 3rd Foods,15.0,0.6,53.0,83.0
Peaches, canned, heavy syrup,18.0,0.6,95.0,128.0
Peaches, dried,15.0,0.5,31.0,13.0
Peaches, frozen, sweetened,17.0,0.5,78.0,83.0
Peaches, nectar,16.0,0.5,100.0,187.0
Peaches, sliced,18.0,0.5,37.0,85.0
Peaches, spiced, canned, heavy syrup,16.0,0.5,90.0,121.0
Pear juice,15.0,0.6,99.0,202.0
Pear nectar,4.0,0.1,75.0,125.0
Pear/pineapple,15.0,0.3,39.0,71.0
Pear/wild blueberry,15.0,0.4,61.0,100.0
Pearl onions,0.0,0.0,0.0,100.0
Pears,15.0,0.3,39.0,68.0
Pears halves, dried,17.0,0.7,92.0,35.0
Pears sliced,17.0,0.6,97.0,165.0
Pears, canned, heavy syrup,13.0,0.5,188.0,255.0
Pears/winter squash,15.0,0.3,13.0,25.0
Peas,0.0,0.0,0.0,100.0
Peas, green, canned or frozen, cooked,17.0,0.5,7.0,10.0
Peas/rice,30.0,0.2,12.0,23.0
Pepper,0.0,0.0,0.0,100.0
Peppers,0.0,0.0,0.0,100.0
Persimmons, Japanese,15.0,0.4,39.0,56.0
Pettijohns,24.0,0.5,20.0,30.0
Pickle brine,0.0,0.0,0.0,100.0
Pickled Cabbage,0.0,0.0,0.0,505.0
Pickled Pumpkin,25.0,0.9,40.0,100.0
Pickled Radish,0.0,0.0,0.0,505.0
Pickled pumpkin,0.0,0.0,0.0,100.0
Pineapple,0.0,0.0,0.0,360.0
Pineapple canned, heavy syrup, chunks, tidbits, or crushed,17.0,0.8,149.0,191.0
Pineapple diced,14.0,0.4,58.0,116.0
Pineapple frozen, sweetened, chunks,15.0,0.5,104.0,122.0
Pineapple juice, canned, frozen, diluted,15.0,0.5,65.0,125.0
Plain Popcorn,26.0,0.5,15.0,4.0
Plantain,0.0,0.0,0.0,250.0
Plantains,0.0,0.0,0.0,350.0
Plantains, cooked,14.0,0.4,60.0,51.0
Plums cubed,14.0,0.7,45.0,82.0
Plums purple, canned, heavy syrup,16.0,0.7,172.0,194.0
Plums/apples, 2nd Foods,15.0,0.4,66.0,94.0
Plums/apples, 3rd Foods,15.0,0.3,49.0,71.0
Polenta,0.0,0.0,0.0,100.0
Polyrich ®,4.0,0.1,44.0,29.0
Popsicle®, twin,0.0,0.0,95.0,128.0
Portobello Mushrooms,0.0,0.0,0.0,523.0
Potato,0.0,0.0,0.0,100.0
Potato chips (2 diameter),29.0,0.6,52.0,10.0
Potato, Cream of,15.0,0.3,14.0,24.0
Potatoes,0.0,0.0,0.0,913.0
Potatoes w/ skin,32.0,0.8,34.0,40.0
Potatoes, boiled,75.0,2.0,87.0,100.0
Powder nondairy creamer, w/ sodium caseinate,5.0,0.1,11.0,2.0
Powdered sugar,0.0,0.0,31.0,8.0
Product 19®,31.0,0.6,24.0,6.0
Prunes,15.0,0.6,58.0,58.0
Prunes juice,17.0,0.8,90.0,128.0
Prunes whole, dried,15.0,0.7,60.0,25.0
Prunes/apples,15.0,0.4,55.0,71.0
Pumpkin,0.0,0.0,0.0,350.0
Pumpkin leaves,0.0,0.0,0.0,350.0
Pumpkin, canned,16.0,0.5,15.0,46.0
Quisp®,30.0,0.6,47.0,11.0
Radicchio,0.0,0.0,0.0,100.0
Radish white icicle, sliced,18.0,0.6,7.0,50.0
Radish, red, small,0.0,0.0,0.0,700.0
Radishes,0.0,0.0,0.0,100.0
Raisin Bran (Post®),26.0,0.7,22.0,7.0
Raisins, chocolate covered,6.0,0.2,12.0,2.0
Raisins, seedless,0.0,0.0,0.0,100.0
Ralston,32.0,0.7,17.0,32.0
Ramen ® Noodles,25.0,0.6,22.0,10.0
Raspberries canned, heavy syrup,15.0,0.5,58.0,64.0
Raspberries raw,16.0,0.6,30.0,62.0
Raspberries red, frozen, sweetened,17.0,0.6,85.0,83.0
Raw Ginger (Fresh),0.9,0.04,2.0,2.0
Raw Papaya,0.0,0.0,0.0,100.0
Raw broccoli,14.0,0.3,3.0,16.0
Raw raw turnips,0.0,0.0,0.0,100.0
Red Bell Pepper,0.0,0.0,0.0,100.0
Red Bell Peppers,0.0,0.0,0.0,883.1
Red Cabbage,0.0,0.0,0.0,867.0
Red Cabbage, raw,0.0,0.0,0.0,927.0
Red Red beets,0.0,0.0,0.0,690.0
Red beets,0.0,0.0,0.0,750.0
Red bell pepper,0.0,0.0,0.0,100.0
Red cabbage, cooked,13.0,0.4,8.0,37.0
Red cabbage, raw,15.0,0.5,10.0,35.0
Red red beets,0.0,0.0,0.0,100.0
Rhubarb,45.0,1.0,21.0,100.0
Rhubarb, cooked, sweetened,14.0,0.5,139.0,120.0
Rice,0.0,0.0,0.0,350.0
Rice Chex®,29.0,0.7,50.0,13.0
Rice Krispies®,27.0,0.6,37.0,9.0
Rice Vinegar,0.0,0.0,0.0,100.0
Rice cakes,34.0,0.8,35.0,9.0
Rice vinegar,0.0,0.0,0.0,100.0
Rice, long-grain,73.0,2.6,130.0,100.0
Rice, puffed,28.0,0.7,42.0,10.0
Rice-A-Roni,28.0,0.7,26.0,21.0
Rice/apple bits,29.0,0.6,32.0,8.0
Rice/apples,30.0,0.6,43.0,11.0
Rice/applesauce,30.0,0.4,52.0,57.0
Rice/bananas,30.0,0.6,35.0,9.0
Rice/mixed fruit,31.0,0.6,35.0,9.0
Rich's ® Coffee Rich,4.0,0.1,44.0,29.0
Richwhip pressurized,5.0,0.1,60.0,22.0
Richwhip prewhipped,5.0,0.1,24.0,8.0
Richwhip®, liquid,0.0,0.0,40.0,14.0
Ripe Plantain,0.0,0.0,0.0,100.0
Ripe plantain,8.0,1.3,122.0,100.0
Ritz Bits ® (cheese),28.0,0.5,28.0,6.0
Ritz ®,32.0,0.7,50.0,10.0
Roasted potatoes,0.0,0.0,0.0,100.0
Roasted pumpkin,0.0,0.0,0.0,100.0
Roasted red peppers,0.0,0.0,0.0,100.0
Romaine and cos lettuce, raw,14.0,0.3,4.0,20.0
Roman Meal,31.0,0.6,14.0,22.0
Rosemary,120.0,3.3,131.0,100.0
Roti,35.0,3.5,297.0,100.0
Rutabagas, cooked, mashed,17.0,0.7,20.0,60.0
Rutabagas, raw, cubed,14.0,0.5,16.0,44.0
Rye Thins ®,27.0,0.6,39.0,8.0
Rykrisp ®,30.0,0.6,23.0,6.0
Sage,0.0,0.0,0.0,100.0
Sage (dried),0.0,0.0,0.0,100.0
Sal,0.0,0.0,0.0,100.0
Salad mix,0.0,0.0,0.0,100.0
Salt,0.0,0.0,0.0,100.0
Salt & Pepper,0.0,0.0,0.0,100.0
Salt and Pepper,0.0,0.0,0.0,100.0
Salt and pepper,0.0,0.0,0.0,100.0
Sauerkraut,0.0,0.0,0.0,770.0
Scallions,0.0,0.0,0.0,100.0
Sea salt,0.0,0.0,0.0,100.0
Seaweed (rehydrated),0.0,0.0,0.0,285.0
Seaweed paper,0.0,0.0,0.0,100.0
Semolina,40.0,4.0,360.0,100.0
Sesame Oil,0.0,0.0,120.0,14.0
Sesame oil,0.0,0.0,0.0,100.0
Sesame seeds,0.0,0.0,0.0,100.0
Sev,120.0,4.0,450.0,100.0
Sev (Low Protein),0.0,0.0,0.0,100.0
Shallots, chopped,0.0,0.0,0.0,100.0
Shanghai Greens,0.0,0.0,0.0,705.0
Shiitake mushrooms, dried,0.0,0.0,0.0,984.2
Shiso Leaves,80.0,4.0,37.0,100.0
Shitake mushrooms, cooked,12.0,0.3,10.0,18.0
Shortening,0.0,0.0,113.0,13.0
Shredded Cabbage,0.0,0.0,0.0,100.0
Shredded cabbage,8.0,1.3,25.0,100.0
Smoked paprika,0.0,0.0,0.0,100.0
Snow Peas,0.0,0.0,0.0,690.0
Social Tea Biscuit ®,28.0,0.6,48.0,11.0
Soy Sauce,56.0,1.3,8.0,16.0
Soy sauce,0.0,0.0,0.0,100.0
Soy-Free Sauce,0.0,0.0,0.0,100.0
Soy-free sauce,0.0,0.0,0.0,100.0
Spaghetti,33.0,0.6,21.0,19.0
Spaghetti (low-protein if possible),0.0,0.0,0.0,100.0
Spanish,26.0,0.5,26.0,30.0
Special K,31.0,0.7,14.0,4.0
Spices (Rasam Powder),0.0,0.0,0.0,100.0
Spinach,0.0,0.0,0.0,100.0
Spinach, fresh or frozen, cooked,16.0,0.4,2.0,12.0
Spinach, raw, chopped,18.0,0.4,3.0,14.0
Spring Onions,70.0,1.8,32.0,100.0
Spring garden vegetables,30.0,0.9,21.0,60.0
Spring onions,0.0,0.0,0.0,100.0
Squash,15.0,0.4,17.0,50.0
Squash spaghetti, cooked,12.0,0.3,15.0,51.0
Squash, summer, all varieties, cooked,15.0,0.4,9.0,45.0
Squash, summer, all varieties, raw,14.0,0.4,7.0,33.0
Star anise,0.0,0.0,0.0,100.0
Steamed Idli,0.0,0.0,0.0,100.0
Steamed carrots,0.0,0.0,0.0,100.0
Steamed cauliflower,0.0,0.0,0.0,100.0
Steamed idli,15.0,1.5,100.0,100.0
Strawberries,0.0,0.0,0.0,100.0
Strawberries, sliced, frozen, sweetened,13.0,0.5,82.0,85.0
Strawberries, sliced, raw,13.0,0.5,23.0,74.0
Strawberry fruit bars,31.0,0.6,49.0,12.0
Strawberry fruit pie filling,5.0,0.2,34.0,31.0
Sugar,0.0,0.0,0.0,100.0
Sugar (table),0.0,0.0,0.0,100.0
Sugar Frosted Flakes,30.0,0.6,44.0,12.0
Sugar Pops,29.0,0.6,43.0,11.0
Sugar Smacks,34.0,0.7,35.0,9.0
Sugar Sparkled Flakes,35.0,0.7,64.0,13.0
Sugar Wafer (Nabisco ®),30.0,0.7,80.0,17.0
Sun-dried tomatoes,0.0,0.0,0.0,100.0
Super Sugar Crisp,28.0,0.5,31.0,8.0
Swede,60.0,1.1,37.0,100.0
Sweet Corn,0.0,0.0,0.0,405.0
Sweet Onion,42.0,1.1,40.0,100.0
Sweet Potatoes,30.0,0.5,29.0,45.0
Sweet pickles,12.0,0.4,114.0,83.0
Sweet potato,0.0,0.0,0.0,350.0
Sweet potato leaves,0.0,0.0,0.0,350.0
Sweet potatoes,0.0,0.0,0.0,350.0
Syrup (table),0.0,0.0,50.0,20.0
Tahini,0.0,0.0,0.0,100.0
Tamarind,150.0,2.8,239.0,100.0
Tamarind Chutney,0.0,0.0,0.0,100.0
Tamarind Paste,74.0,2.8,239.0,100.0
Tamarind chutney,53.0,1.3,230.0,100.0
Tamarind paste,54.0,2.8,239.0,100.0
Tamarind pulp,0.0,0.0,0.0,300.0
Tandoori Masala,0.0,0.0,0.0,100.0
Tandoori masala,45.0,4.5,300.0,100.0
Tangerines canned, light syrup,13.0,0.4,51.0,84.0
Tangerines juice canned, sweetened,15.0,1.2,125.0,249.0
Tangerines juice frozen, diluted,12.0,1.0,110.0,241.0
Tangerines whole medium,18.0,0.5,37.0,84.0
Tang®,0.0,0.0,59.0,125.0
Tapioca, dry,1.0,0.1,36.0,10.0
Taro leaves,20.0,0.5,4.0,18.0
Taro root,0.0,0.0,0.0,300.0
Taro, cooked,0.0,0.0,0.0,605.0
Tater Tots ®,33.0,0.8,61.0,37.0
Tatsoi,0.0,0.0,0.0,705.0
Tea, instant, powder,1.0,0.1,3.0,1.0
Team,32.0,0.7,41.0,11.0
Thai chili,0.0,0.0,0.0,100.0
Thousand Island,6.0,0.1,59.0,16.0
Thyme,0.0,0.0,0.0,100.0
Thyme Fresh,0.0,0.0,0.0,100.0
Toasties (Post),29.0,0.6,27.0,7.0
Tomatillos (boiled),0.0,0.0,0.0,100.0
Tomato,0.0,0.0,0.0,100.0
Tomato Bisque,16.0,0.5,25.0,26.0
Tomato Paste,0.0,0.0,0.0,100.0
Tomato Puree,0.0,0.0,0.0,100.0
Tomato Rice,18.0,0.5,30.0,32.0
Tomato broth,0.0,0.0,0.0,100.0
Tomato canned or fresh, cooked,17.0,0.7,15.0,60.0
Tomato catsup,15.0,0.6,33.0,31.0
Tomato paste,0.0,0.0,0.0,100.0
Tomato puree,0.0,0.0,0.0,100.0
Tomato purée,16.0,0.8,19.0,47.0
Tomato sauce,0.0,0.0,0.0,100.0
Tomato sauce canned, w/ onions, green pepper, and celery,17.0,0.8,19.0,61.0
Tomato, fresh juice,15.0,0.7,16.0,92.0
Tomato, whole,14.0,0.5,12.0,66.0
Tomatoes,0.0,0.0,0.0,250.0
Tomatoes, cooked,49.0,1.2,32.0,100.0
Tortilla chips,36.0,0.7,27.0,8.0
Total,30.0,0.6,22.0,6.0
Trix,27.0,0.5,35.0,9.0
Tropical fruit blend,15.0,0.4,50.0,68.0
Turmeric,350.0,8.0,312.0,100.0
Turnips,0.0,0.0,0.0,730.0
Unsalted Butter,0.0,0.0,0.0,100.0
Vanilla extract,0.0,0.0,0.0,100.0
Vegan Aioli,0.0,0.0,0.0,100.0
Vegan Butter,0.0,0.0,0.0,100.0
Vegan Cream (PKU-safe),0.0,0.0,0.0,100.0
Vegan Worcestershire sauce,0.0,0.0,0.0,100.0
Vegan butter,0.0,0.0,76.0,10.0
Vegetable Broth,0.0,0.0,0.0,100.0
Vegetable broth,0.0,0.0,0.0,100.0
Vegetable juice cocktail,12.0,0.6,17.0,91.0
Vegetable oil,0.0,0.0,0.0,239.5
Vegetable, Old Fashioned,13.0,0.3,9.0,15.0
Vegetarian, Vegetable,13.0,0.3,9.0,15.0
Veggie crackers,30.0,0.6,33.0,7.0
Vinegar,0.0,0.0,0.0,100.0
Vinegar/oil dressing,0.0,0.0,0.0,100.0
Wakame,90.0,1.8,45.0,100.0
Water,0.0,0.0,0.0,100.0
Water (soaking),0.0,0.0,0.0,100.0
Water Chestnut,0.0,0.0,0.0,655.0
Water Spinach,50.0,3.0,19.0,100.0
Waterleaf,0.0,0.0,0.0,300.0
Watermelon,0.0,0.0,0.0,250.0
Watermelon, cubed,18.0,0.7,38.0,120.0
Waverly ®,24.0,0.5,35.0,7.0
Wheat,25.0,0.5,20.0,5.0
Wheat Chex,30.0,0.6,21.0,6.0
Wheat Thins ®,31.0,0.7,43.0,9.0
Wheat starch,1.0,0.0,25.0,8.0
Wheatena,29.0,0.6,22.0,30.0
Wheaties,33.0,0.7,25.0,7.0
Whipped cream, pressurized,6.0,0.1,10.0,4.0
White Bread,0.0,0.0,0.0,100.0
White Pepper,0.0,0.0,0.0,100.0
White Rice,0.0,0.0,0.0,100.0
White bread,167.0,7.9,265.0,100.0
White cabbage, cooked,15.0,0.5,10.0,52.0
White cabbage, raw,14.0,0.4,8.0,35.0
White pepper,0.0,0.0,0.0,100.0
Whole Wheat Hot Natural,29.0,0.6,19.0,30.0
Whole apricots,18.0,0.5,17.0,35.0
Wine,0.0,0.0,0.0,100.0
Winter Melon,0.0,0.0,0.0,940.0
Winter melon,0.0,0.0,0.0,100.0
Wood Ear Mushroom,0.0,0.0,0.0,605.0
Wood ear mushrooms,0.0,0.0,0.0,100.0
Yam,0.0,0.0,0.0,300.0
Yams, baked or boiled,29.0,0.6,49.0,42.0
Yeast,0.0,0.0,0.0,100.0
Yogurt,157.0,3.5,59.0,100.0
Yuzu Juice,20.0,0.3,26.0,100.0
Zha Cai,0.0,0.0,0.0,305.0
Zucchini,0.0,0.0,0.0,840.0
almond,0.0,0.0,0.0,100.0
apple,0.0,0.0,0.0,100.0
apple cider vinegar,0.0,0.0,3.0,15.0
apples,0.0,0.0,0.0,100.0
apples Cider Vinegar,0.0,0.0,0.0,100.0
apricot,0.0,0.0,0.0,100.0
artichoke,0.0,0.0,0.0,100.0
artichokes,35.0,1.9,47.0,100.0
arugula,25.0,1.3,13.0,50.0
avocado,0.0,0.0,0.0,100.0
baked onions,25.0,1.0,40.0,100.0
baked, no skin Potatoes,31.0,0.7,33.0,30.0
baked, w/ skin, mashed Potatoes,26.0,0.4,26.0,25.0
baking mix,0.0,1.0,45.0,13.0
baking powder,0.0,0.0,0.0,1.0
balsamic vinegar,0.0,0.0,0.0,100.0
barberries,130.0,3.6,325.0,100.0
basil,9.0,0.3,2.0,10.0
beans (low protein option),35.0,1.3,75.0,100.0
beet,0.0,0.0,0.0,100.0
beet root,0.0,1.0,35.0,10.0
boiled chicory,40.0,1.7,23.0,100.0
boiled, no skin, mashed Potatoes,30.0,0.5,32.0,31.0
breadcrumbs,40.0,1.3,35.0,10.0
broccoli,57.0,2.8,34.0,100.0
brown,,32.0,0.6,27.0,25.0
bulgur,150.0,3.1,83.0,100.0
burdock root,0.0,0.0,0.0,100.0
butter, stick,0.0,0.0,0.0,100.0
cabbage,38.0,1.3,25.0,100.0
cakes,34.0,0.8,35.0,9.0
canned Potatoes,28.0,0.3,27.0,45.0
canned greens,17.0,0.4,4.0,25.0
canned, packed in syrup Potatoes,26.0,0.4,67.0,49.0
canned, sweetened, sliced Apple,5.0,0.2,68.0,102.0
cannellini beans (small amount),250.0,8.0,110.0,100.0
capers,5.0,0.2,6.0,10.0
carrot,0.0,0.0,0.0,100.0
carrots,0.0,0.0,0.0,100.0
carrrot,0.0,0.0,0.0,100.0
cauliflower,32.0,1.9,25.0,100.0
cauliflower rice,0.0,0.0,0.0,100.0
celery,0.0,0.0,0.0,100.0
celery root,0.0,0.0,0.0,870.0
celery, raw,0.0,0.0,0.0,750.0
celery, raw Root,0.0,0.0,0.0,100.0
celery, raw, raw,0.0,0.0,0.0,100.0
chard,0.0,0.0,0.0,100.0
cherry tomato,40.0,1.3,27.0,149.0
cherry tomatoes,36.0,0.9,18.0,100.0
chicory,40.0,1.7,23.0,100.0
chili flakes,0.0,0.0,0.0,100.0
chili sauce,15.0,0.3,25.0,15.0
chinese eggplant,0.0,0.0,0.0,100.0
chives,0.0,0.0,0.0,100.0
chocolate,7.0,0.2,17.0,8.0
choy sum,0.0,0.0,0.0,495.8
cilantro,0.0,0.09,0.92,4.0
cinnamon,0.0,0.0,0.0,100.0
clove,0.0,0.0,0.0,100.0
cloves,0.0,0.0,0.0,100.0
coconut,0.0,0.0,0.0,100.0
coconut cream,0.0,1.2,357.0,100.0
cooked turnips,16.0,0.9,21.0,78.0
cornmeal,231.0,4.4,182.0,257.0
cornstarch,0.0,0.0,0.0,100.0
cream style,26.0,0.6,23.0,32.0
cucumber,0.0,0.0,0.0,720.0
daikon,0.0,0.0,0.0,100.0
date,0.0,0.0,0.0,100.0
date paste,0.0,0.0,0.0,100.0
dill,0.0,0.0,0.0,100.0
dill Pickles,0.0,0.0,0.0,100.0
dried Apple,6.0,0.2,52.0,21.0
dried barberries,130.0,3.6,325.0,100.0
dried shiitake mushrooms,0.0,0.0,0.0,100.0
dried thyme,0.0,0.25,7.0,3.0
dried, cooked Apple,4.0,0.1,36.0,64.0
dry mustard,0.0,0.0,0.0,1.0
egg replacer,0.0,0.0,15.0,6.0
eggplant,35.0,1.0,24.0,100.0
eggplant, cooked,0.0,0.0,0.0,100.0
f,47.0,1.8,80.0,100.0
fava beans,300.0,8.0,110.0,100.0
fennel,35.0,1.2,31.0,100.0
fenugreek,1600.0,23.0,323.0,100.0
fig,0.0,0.0,0.0,100.0
fig bar,33.0,0.6,57.0,16.0
flour,100.0,3.0,110.0,30.0
fresh dill,0.0,0.0,0.0,100.0
fresh dill pickles,0.0,0.0,0.0,100.0
fresh or frozen, cooked greens,12.0,0.2,4.0,18.0
fresh thyme,0.0,0.0,0.0,100.0
fried,30.0,0.7,30.0,23.0
garlic,0.0,0.0,0.0,100.0
garlic powder,16.0,0.51,10.0,3.0
ginger,0.0,0.0,0.0,100.0
graham cracker (2 x 2),28.0,0.6,27.0,7.0
grape molasses,40.0,0.4,250.0,100.0
grapes,0.0,0.0,0.0,100.0
green beans,0.0,0.0,0.0,100.0
green bell peppers,137.0,1.3,30.0,149.0
hash browns, frozen/cooked,26.0,0.6,43.0,20.0
honey,0.0,0.0,0.0,100.0
jalapeno,0.0,0.13,4.0,14.0
juice, frozen, diluted Apple,4.0,0.2,56.0,120.0
kabocha,0.0,0.0,0.0,100.0
kosher salt,0.0,0.0,0.0,100.0
lavash,570.0,9.0,275.0,100.0
lemon,0.0,0.0,0.0,100.0
lemon juice,0.0,0.0,0.0,100.0
lemon zest,0.0,0.0,0.0,100.0
lentils,190.0,7.6,116.0,100.0
lettuce,0.0,0.0,0.0,100.0
long-grain,36.0,0.7,33.0,26.0
long-grain, instant,34.0,0.6,30.0,31.0
low-protein pasta,0.0,0.0,0.0,100.0
low-protein rice,5.0,0.1,180.0,50.0
maple syrup,0.0,0.0,0.0,100.0
medium- and short-grain,32.0,0.6,33.0,26.0
melon,125.0,0.8,34.0,100.0
microwaved, w/ skin Potatoes,27.0,0.6,29.0,29.0
millet flour,300.0,11.0,378.0,100.0
mint,2.0,0.03,0.44,1.0
mirin,0.0,0.0,200.0,100.0
miso substitute,0.0,0.0,0.0,100.0
mushroom,0.0,0.0,0.0,100.0
mushrooms,35.0,1.8,22.0,100.0
mustard,0.0,0.0,0.0,100.0
no skin Potatoes,30.0,0.7,34.0,39.0
oat,0.0,0.0,0.0,100.0
oats,0.0,0.0,0.0,100.0
oil,0.0,0.0,0.0,100.0
oil salt,0.0,0.0,0.0,100.0
olive oil,0.0,0.0,0.0,100.0
olives,0.0,0.0,0.0,100.0
onion,0.0,0.0,0.0,100.0
onion powder,0.0,0.0,0.0,100.0
onions,25.0,1.0,40.0,100.0
onions, raw,0.0,0.0,0.0,100.0
onions, raws,0.0,0.0,0.0,100.0
onions, raws, raw,0.0,0.0,0.0,100.0
orange,0.0,0.0,0.0,100.0
orange fruit Bar,5.0,0.1,35.0,37.0
orange zest,550.0,10.5,270.0,100.0
oranges,26.0,0.9,47.0,100.0
oregano,0.0,0.0,0.0,100.0
pan fried Potatoes,30.0,0.7,61.0,29.0
paprika,41.0,0.96,19.0,7.0
parsley,87.0,1.8,22.0,60.0
pasta,210.0,7.3,131.0,100.0
peach,4.0,0.1,30.0,30.0
pear,0.0,0.0,0.0,100.0
pearl onions,30.0,1.2,34.0,100.0
peas,0.0,0.0,0.0,100.0
pepper,0.0,0.0,0.0,100.0
peppers,0.0,0.0,0.0,100.0
pilaf,30.0,0.6,23.0,15.0
pineapple,7.0,0.2,58.0,59.0
pineapple Fruit Bar,4.0,0.1,35.0,37.0
polenta,25.0,2.0,70.0,100.0
polenta(low-protein),0.0,0.0,0.0,100.0
pomegranate,0.0,0.0,0.0,100.0
pomegranate arils,40.0,1.7,83.0,100.0
pomegranate molasses,35.0,0.3,250.0,100.0
potato,0.0,0.0,0.0,100.0
preserved vegetables,0.0,0.0,0.0,100.0
puffed,30.0,0.6,14.0,4.0
pumpkin,0.0,0.0,0.0,100.0
radicchio,25.0,1.4,23.0,100.0
radish,0.0,0.0,0.0,100.0
rasam powder,300.0,12.0,320.0,100.0
raspberries raw,0.0,0.0,0.0,100.0
raw turnip,0.0,0.0,0.0,100.0
raw turnips,0.0,0.0,0.0,800.0
red Bell pepper,0.0,0.0,0.0,100.0
red beets,0.0,0.0,0.0,100.0
red bell peppers,60.0,1.2,31.0,119.0
red grapes,0.0,0.0,0.0,100.0
rice,0.0,0.0,0.0,100.0
rice flour,350.0,6.0,366.0,100.0
rice milk,0.0,0.0,0.0,100.0
rice vinegar,0.0,0.0,0.0,100.0
rice yogurt,0.0,0.0,0.0,100.0
rosemary,0.0,0.0,0.0,100.0
rosewater,0.0,0.0,0.0,100.0
saffron water,0.4,0.0,0.0,0.03
sage,13.0,0.3,7.0,5.0
salt,0.0,0.0,0.0,100.0
salt and pepper,0.0,0.0,0.0,100.0
saltine,27.0,0.5,26.0,6.0
sauce, sweetened, canned Apple,6.0,0.2,97.0,128.0
scallion greens,0.0,0.0,0.0,100.0
scallions,0.0,0.0,0.0,100.0
seaweed paper,71.0,1.5,9.0,26.0
sesame oil,0.0,0.0,0.0,100.0
shredded,28.0,0.6,19.0,5.0
soda,35.0,0.7,30.0,7.0
sour cherries,35.0,1.0,50.0,100.0
soy sauce,0.0,0.0,0.0,100.0
spaghetti (low-protein if possible),5.0,0.1,170.0,50.0
spinach,60.0,3.0,28.0,100.0
squash,0.0,0.0,0.0,100.0
steamed carrots,35.0,0.8,35.0,100.0
steamed cauliflower,30.0,1.7,23.0,100.0
strawberry,7.0,0.2,58.0,59.0
strawberry Fruit Bar,6.0,0.2,60.0,74.0
sugar,0.0,0.0,0.0,100.0
sugar (table),0.0,0.0,0.0,100.0
sumac,520.0,9.6,350.0,100.0
sun-dried tomatoes,130.0,5.0,140.0,50.0
sweet peas,0.0,0.0,0.0,100.0
swiss chard,40.0,0.65,7.0,36.0
tahini,0.0,0.0,0.0,100.0
tarragon,960.0,22.8,295.0,100.0
thyme,0.0,0.0,0.0,100.0
tomato,0.0,0.0,0.0,100.0
tomato broth,20.0,0.5,15.0,100.0
tomato sauce,55.0,1.4,40.0,100.0
tomatoes,36.0,0.9,18.0,100.0
tumeric,16.0,0.29,9.0,3.0
turnip,0.0,0.0,0.0,100.0
umeboshi,29.0,1.0,36.0,100.0
vanilla,5.0,0.1,17.0,8.0
vanilla wafer,32.0,0.6,55.0,12.0
vegan butter,0.0,0.0,0.0,100.0
vegetable broth,0.0,0.53,11.0,221.0
vegetable oil,0.0,0.0,0.0,100.0
vinegar,0.0,0.0,0.0,100.0
walnut,0.0,0.0,0.0,100.0
water,0.0,0.0,0.0,100.0
waterleaf,70.0,2.0,35.0,100.0
watermelon,0.0,0.0,0.0,100.0
white rice,125.0,2.7,130.0,100.0
whole kernel,32.0,0.7,22.0,20.0
whole, small Apple,5.0,0.2,59.0,100.0
wine,0.0,0.0,0.0,100.0
wood ear mushrooms,0.0,0.0,0.0,410.5
zucchini,0.0,0.0,0.0,100.0