ingredient_name,phe_mg_per_100g,protein_g_per_100g,energy_kcal_per_100g,usda_name,source,phe_estimated,usda_match,usda_data_type,match_type
allspice,304.5,6.09,262.667594,"spices, allspice, ground",USDA,True,"Spices, allspice, ground",SR Legacy,
allspice berries,304.5,6.09,262.667594,"spices, allspice, ground",USDA,True,"Spices, allspice, ground",SR Legacy,
almond,1035.0,20.7,641.0,almond butter,USDA,True,Almond butter,Survey (FNDDS),
apple,67.0,1.34,134.0,"apple, candied",USDA,True,"Apple, candied",Survey (FNDDS),
apple cider vinegar,0.0,0.0,20.0,apple cider vinegar,Nutritional_Data.csv,False,,,exact
apples,0.0,0.0,47.794117647058826,apples,Nutritional_Data.csv,False,,,exact
apples cider vinegar,0.0,0.0,21.51054,"vinegar, cider",USDA,False,"Vinegar, cider",SR Legacy,
apricot,0.052,1.4,48.040206,"apricots, raw",USDA,False,"Apricots, raw",SR Legacy,
artichoke,100.0,2.0,72.657824,"jerusalem-artichokes, raw",USDA,True,"Jerusalem-artichokes, raw",SR Legacy,
artichoke hearts,0.0,0.0,47.0,artichoke hearts,Nutritional_Data.csv,False,,,exact
artichokes,100.0,2.0,72.657824,"jerusalem-artichokes, raw",USDA,True,"Jerusalem-artichokes, raw",SR Legacy,
arugula,129.0,2.58,25.09563,"arugula, raw",USDA,True,"Arugula, raw",SR Legacy,
asparagus raw,0.075,2.2,20.31551,"asparagus, raw",USDA,False,"Asparagus, raw",SR Legacy,
avocado,0.0,0.0,884.0831939999999,"oil, avocado",USDA,False,"Oil, avocado",SR Legacy,
avocado oil,0.0,0.0,900.0,avocado oil,Nutritional_Data.csv,False,,,exact
"avocados, all varieties, mashed",0.097,2.0,160.13402,"avocados, raw, all commercial varieties",USDA,False,"Avocados, raw, all commercial varieties",SR Legacy,
baby bok choy,51.1875,1.02375,0.0,"cabbage, bok choy, raw",USDA,True,"Cabbage, bok choy, raw",Foundation,
baked onions,0.025,1.1,39.674996,"onions, raw",USDA,False,"Onions, raw",SR Legacy,
baker's yeast,0.407,8.4,104.92363399999999,"leavening agents, yeast, baker's, compressed",USDA,False,"Leavening agents, yeast, baker's, compressed",SR Legacy,
balsamic vinegar,0.0,0.0,87.5,balsamic vinegar,Nutritional_Data.csv,False,,,exact
bamboo shoots,0.09,2.6,27.485689999999998,"bamboo shoots, raw",USDA,False,"Bamboo shoots, raw",SR Legacy,
baobab fruit powder,184.5,3.69,249.76127,baobab powder,USDA,True,Baobab powder,SR Legacy,
baobab leaves,184.5,3.69,249.76127,baobab powder,USDA,True,Baobab powder,SR Legacy,
basil,0.13,3.15,22.466563999999998,"basil, fresh",USDA,False,"Basil, fresh",SR Legacy,
basmati rice (cooked),0.095,1.79,108.508724,"rice noodles, cooked",USDA,False,"Rice noodles, cooked",SR Legacy,
bay leaf,380.5,7.61,313.575872,"spices, bay leaf",USDA,True,"Spices, bay leaf",SR Legacy,
bean sprouts,0.0,0.0,31.0,bean sprouts,Nutritional_Data.csv,False,,,exact
beans (low protein option),0.356,6.03,90.82227999999999,"beans, black, mature seeds, canned, low sodium",USDA,False,"Beans, black, mature seeds, canned, low sodium",SR Legacy,
beet,84.375,1.6875,0.0,"beets, raw",USDA,True,"Beets, raw",Foundation,
beet root,84.375,1.6875,0.0,"beets, raw",USDA,True,"Beets, raw",Foundation,
bell pepper,0.446,10.39,250.9563,"spices, pepper, black",USDA,False,"Spices, pepper, black",SR Legacy,
bell peppers,0.446,10.39,250.9563,"spices, pepper, black",USDA,False,"Spices, pepper, black",SR Legacy,
black pepper,0.446,10.39,250.9563,"spices, pepper, black",USDA,False,"Spices, pepper, black",SR Legacy,
black pepper (ground),0.446,10.39,250.9563,"spices, pepper, black",USDA,False,"Spices, pepper, black",SR Legacy,
boiled chicory,0.041,1.7,22.944575999999998,"chicory greens, raw",USDA,False,"Chicory greens, raw",SR Legacy,
boiled potato,0.083,1.87,86.998184,"potatoes, boiled, cooked in skin, flesh, with salt",USDA,False,"Potatoes, boiled, cooked in skin, flesh, with salt",SR Legacy,
boiled potatoes,128.5,2.57,58.078458,"potatoes, raw, skin",USDA,True,"Potatoes, raw, skin",SR Legacy,
bok choy,51.1875,1.02375,0.0,"cabbage, bok choy, raw",USDA,True,"Cabbage, bok choy, raw",Foundation,
bread cubes,835.0,16.7,437.858992,"soup, bouillon cubes and granules, low sodium, dry",USDA,True,"Soup, bouillon cubes and granules, low sodium, dry",SR Legacy,
breadcrumbs,0.0,0.0,350.0,breadcrumbs,Nutritional_Data.csv,False,,,exact
broccoli,0.117,2.82,33.699846,"broccoli, raw",USDA,False,"Broccoli, raw",SR Legacy,
buckwheat,0.52,13.25,342.97361,buckwheat,USDA,False,Buckwheat,SR Legacy,
burdock root,0.033,1.53,72.179812,"burdock root, raw",USDA,False,"Burdock root, raw",SR Legacy,
"butter, stick",0.025,0.0,0.0,"butter, stick, salted",USDA,False,"Butter, stick, salted",Foundation,
cabbage,55.00000000000001,1.1,15.53539,"cabbage, kimchi",USDA,True,"Cabbage, kimchi",SR Legacy,
cabbage core shreds,55.00000000000001,1.1,15.53539,"cabbage, kimchi",USDA,True,"Cabbage, kimchi",SR Legacy,
canned greens,0.022,0.72,21.032528,"peppers, chili, green, canned",USDA,False,"Peppers, chili, green, canned",SR Legacy,
cannellini beans (small amount),1078.125,21.5625,0.0,"beans, cannellini, dry",USDA,True,"Beans, cannellini, dry",Foundation,
canola oil,0.0,0.0,900.0,canola oil,USDA,False,Canola oil,Survey (FNDDS),
capers,0.0,0.0,60.0,capers,Nutritional_Data.csv,False,,,exact
capsicum,600.5,12.01,318.116986,"spices, pepper, red or cayenne",USDA,True,"Spices, pepper, red or cayenne",SR Legacy,
caraway seeds,0.867,19.77,332.935358,"spices, caraway seed",USDA,False,"Spices, caraway seed",SR Legacy,
carrot,0.251,8.1,341.061562,"carrot, dehydrated",USDA,False,"Carrot, dehydrated",SR Legacy,
carrots,0.061,0.93,41.348038,"carrots, raw",USDA,False,"Carrots, raw",SR Legacy,
"carrots, cooked",0.061,0.93,41.348038,"carrots, raw",USDA,False,"Carrots, raw",SR Legacy,
cassava,0.026,1.36,159.417002,"cassava, raw",USDA,False,"Cassava, raw",SR Legacy,
cassava leaves,0.026,1.36,159.417002,"cassava, raw",USDA,False,"Cassava, raw",SR Legacy,
cassava root,0.026,1.36,159.417002,"cassava, raw",USDA,False,"Cassava, raw",SR Legacy,
cauliflower,0.0,0.0,25.0,cauliflower,Nutritional_Data.csv,False,,,exact
cauliflower rice,82.03125,1.640625,0.0,"cauliflower, raw",USDA,True,"Cauliflower, raw",Foundation,
"cauliflower, cooked",0.108,3.04,32.504816,"cauliflower, green, cooked, with salt",USDA,False,"Cauliflower, green, cooked, with salt",SR Legacy,
"cauliflower, raw",82.03125,1.640625,0.0,"cauliflower, raw",USDA,True,"Cauliflower, raw",Foundation,
cayenne,600.5,12.01,318.116986,"spices, pepper, red or cayenne",USDA,True,"Spices, pepper, red or cayenne",SR Legacy,
celery,24.609375,0.4921875,0.0,"celery, raw",USDA,True,"Celery, raw",Foundation,
celery root,24.609375,0.4921875,0.0,"celery, raw",USDA,True,"Celery, raw",Foundation,
"celery, raw",24.609375,0.4921875,0.0,"celery, raw",USDA,True,"Celery, raw",Foundation,
"celery, raw root",24.609375,0.4921875,0.0,"celery, raw",USDA,True,"Celery, raw",Foundation,
"celery, raw, raw",24.609375,0.4921875,0.0,"celery, raw",USDA,True,"Celery, raw",Foundation,
chaat masala,165.0,3.3,56.883428,"smart soup, indian bean masala",USDA,True,"SMART SOUP, Indian Bean Masala",SR Legacy,
chard,0.11,1.8,18.881474,"chard, swiss, raw",USDA,False,"Chard, swiss, raw",SR Legacy,
"chayote, cooked",0.036,0.62,21.51054,"chayote, fruit, cooked, boiled, drained, with salt",USDA,False,"Chayote, fruit, cooked, boiled, drained, with salt",SR Legacy,
cherry jam,0.021,0.37,277.963978,jams and preserves,USDA,False,Jams and preserves,SR Legacy,
cherry tomato,0.027,0.88,17.686443999999998,"tomatoes, red, ripe, raw, year round average",USDA,False,"Tomatoes, red, ripe, raw, year round average",SR Legacy,
cherry tomatoes,0.027,0.88,17.686443999999998,"tomatoes, red, ripe, raw, year round average",USDA,False,"Tomatoes, red, ripe, raw, year round average",SR Legacy,
chicory,0.041,1.7,22.944575999999998,"chicory greens, raw",USDA,False,"Chicory greens, raw",SR Legacy,
chili,0.0,0.0,166.66666666666669,chili sauce,Nutritional_Data.csv,False,,,startswith
chili flakes,0.229,8.95,348.94876,"onions, dehydrated flakes",USDA,False,"Onions, dehydrated flakes",SR Legacy,
chili oil,0.474,12.56,156.787936,"applebee's, chili",USDA,False,"APPLEBEE'S, chili",SR Legacy,
chili sauce,0.0,0.0,166.66666666666669,chili sauce,Nutritional_Data.csv,False,,,exact
chinese black vinegar,56.99999999999999,1.14,22.466563999999998,"broccoli, chinese, cooked",USDA,True,"Broccoli, chinese, cooked",SR Legacy,
chinese broccoli,56.99999999999999,1.14,22.466563999999998,"broccoli, chinese, cooked",USDA,True,"Broccoli, chinese, cooked",SR Legacy,
"chinese cabbage (pak-choi), raw",0.0,0.0,14.285714285714285,"chinese cabbage (pak-choi), raw",Nutritional_Data.csv,False,,,exact
chinese celery,56.99999999999999,1.14,22.466563999999998,"broccoli, chinese, cooked",USDA,True,"Broccoli, chinese, cooked",SR Legacy,
chinese eggplant,56.99999999999999,1.14,22.466563999999998,"broccoli, chinese, cooked",USDA,True,"Broccoli, chinese, cooked",SR Legacy,
chinese leek,56.99999999999999,1.14,22.466563999999998,"broccoli, chinese, cooked",USDA,True,"Broccoli, chinese, cooked",SR Legacy,
chives,0.105,3.27,30.114756,"chives, raw",USDA,False,"Chives, raw",SR Legacy,
choy sum,51.1875,1.02375,0.0,"cabbage, bok choy, raw",USDA,True,"Cabbage, bok choy, raw",Foundation,
chutney,16.5,0.33,246.0,chutney,USDA,True,Chutney,Survey (FNDDS),
cilantro,106.5,2.13,22.705569999999998,"coriander (cilantro) leaves, raw",USDA,True,"Coriander (cilantro) leaves, raw",SR Legacy,
cinnamon,352.5,7.05,253.34636,"bread, cinnamon",USDA,True,"Bread, cinnamon",SR Legacy,
cinnamon powder,184.5,3.69,249.76127,baobab powder,USDA,True,Baobab powder,SR Legacy,
clove,0.23,5.97,273.66187,"spices, cloves, ground",USDA,False,"Spices, cloves, ground",SR Legacy,
cloves,0.23,5.97,273.66187,"spices, cloves, ground",USDA,False,"Spices, cloves, ground",SR Legacy,
coconut,806.9250000000001,16.1385,0.0,"flour, coconut",USDA,True,"Flour, coconut",Foundation,
coconut cream,0.06,1.17,357.074964,"nuts, coconut cream, canned, sweetened",USDA,False,"Nuts, coconut cream, canned, sweetened",SR Legacy,
coconut milk,0.0,0.0,18.75,coconut milk,Nutritional_Data.csv,False,,,exact
coconut oil,0.0,0.0,895.0,coconut oil,USDA,False,Coconut oil,Survey (FNDDS),
cooked rice,0.095,1.79,108.508724,"rice noodles, cooked",USDA,False,"Rice noodles, cooked",SR Legacy,
coriander,106.5,2.13,22.705569999999998,"coriander (cilantro) leaves, raw",USDA,True,"Coriander (cilantro) leaves, raw",SR Legacy,
corn,42.0,0.84,44.0,corn beverage,USDA,True,Corn beverage,Survey (FNDDS),
corn kernels,0.168,3.62,113.049838,"corn, yellow, whole kernel, frozen, microwaved",USDA,False,"Corn, yellow, whole kernel, frozen, microwaved",SR Legacy,
"corn tortilla (6"" diameter)",0.0,0.0,337.5,"corn tortilla (6"" diameter)",Nutritional_Data.csv,False,,,exact
cornmeal,520.0,10.4,398.183996,"cornmeal, blue (navajo)",USDA,True,"Cornmeal, blue (Navajo)",SR Legacy,
cornstarch,0.013,0.26,380.975564,cornstarch,USDA,False,Cornstarch,SR Legacy,
cream of rice,0.267,6.3,369.981288,"cereals, cream of rice, dry",USDA,False,"Cereals, CREAM OF RICE, dry",SR Legacy,
cream of wheat regular,0.396,7.3,454.828418,"crackers, wheat, regular",USDA,False,"Crackers, wheat, regular",SR Legacy,
cucumber,0.031,0.59,10.516264,"cucumber, peeled, raw",USDA,False,"Cucumber, peeled, raw",SR Legacy,
"cucumber, sliced",0.031,0.59,10.516264,"cucumber, peeled, raw",USDA,False,"Cucumber, peeled, raw",SR Legacy,
cucumbers,0.031,0.59,10.516264,"cucumber, peeled, raw",USDA,False,"Cucumber, peeled, raw",SR Legacy,
cumin,890.4999999999999,17.81,374.522402,"spices, cumin seed",USDA,True,"Spices, cumin seed",SR Legacy,
cumin powder,890.4999999999999,17.81,374.522402,"spices, cumin seed",USDA,True,"Spices, cumin seed",SR Legacy,
cumin seeds,890.4999999999999,17.81,374.522402,"spices, cumin seed",USDA,True,"Spices, cumin seed",SR Legacy,
curry leaves,0.487,9.4,64.053608,"drumstick leaves, raw",USDA,False,"Drumstick leaves, raw",SR Legacy,
curry masala,69.5,1.39,95.0,curry sauce,USDA,True,Curry sauce,Survey (FNDDS),
curry powder,0.0,0.0,360.0,curry powder,Nutritional_Data.csv,False,,,exact
daikon,34.0,0.68,16.0,radish,USDA,True,Radish,Survey (FNDDS),
dark soy sauce,0.534,10.51,59.990505999999996,soy sauce made from soy (tamari),USDA,False,Soy sauce made from soy (tamari),SR Legacy,
date,0.048,1.81,277.24696,"dates, medjool",USDA,False,"Dates, medjool",SR Legacy,
date paste,0.048,1.81,277.24696,"dates, medjool",USDA,False,"Dates, medjool",SR Legacy,
dijon mustard,0.0,0.0,66.0,dijon mustard,Nutritional_Data.csv,False,,,exact
dill,0.017,0.5,12.428312,"pickles, cucumber, dill or kosher dill",USDA,False,"Pickles, cucumber, dill or kosher dill",SR Legacy,
dill pickles,0.017,0.5,12.428312,"pickles, cucumber, dill or kosher dill",USDA,False,"Pickles, cucumber, dill or kosher dill",SR Legacy,
dosa batter,0.604,14.2,278.920002,"turkey sticks, breaded, battered, fried",USDA,False,"Turkey sticks, breaded, battered, fried",SR Legacy,
dried chili peppers,0.446,10.39,250.9563,"spices, pepper, black",USDA,False,"Spices, pepper, black",SR Legacy,
dried oregano,0.449,9.0,264.579642,"spices, oregano, dried",USDA,False,"Spices, oregano, dried",SR Legacy,
dried red chili peppers,0.446,10.39,250.9563,"spices, pepper, black",USDA,False,"Spices, pepper, black",SR Legacy,
dried shiitake mushrooms,0.486,9.58,295.889428,"mushrooms, shiitake, dried",USDA,False,"Mushrooms, shiitake, dried",SR Legacy,
eggplant,0.0,0.0,24.0,eggplant,Nutritional_Data.csv,False,,,exact
"eggplant, cooked",0.0,0.0,27.083333333333332,"eggplant, cooked",Nutritional_Data.csv,False,,,exact
enoki mushroom,0.819,2.416875,0.0,"mushroom, enoki",USDA,False,"Mushroom, enoki",Foundation,
fava beans,396.0,7.92,87.954208,"beans, fava, in pod, raw",USDA,True,"Beans, fava, in pod, raw",SR Legacy,
fennel,46.09375,0.921875,0.0,"fennel, bulb, raw",USDA,True,"Fennel, bulb, raw",Foundation,
fig,0.018,0.75,74.09186,"figs, raw",USDA,False,"Figs, raw",SR Legacy,
flattened pku rice (poha),95.0,1.9,53.059332,"groundcherries, (cape-gooseberries or poha), raw",USDA,True,"Groundcherries, (cape-gooseberries or poha), raw",SR Legacy,
floral honey,0.011,0.3,304.015632,honey,USDA,False,Honey,SR Legacy,
flour,0.012,0.3,357.074964,arrowroot flour,USDA,False,Arrowroot flour,SR Legacy,
"flour, cake",0.012,0.3,357.074964,arrowroot flour,USDA,False,Arrowroot flour,SR Legacy,
fresh chives,0.105,3.27,30.114756,"chives, raw",USDA,False,"Chives, raw",SR Legacy,
fresh cream,0.13,3.15,22.466563999999998,"basil, fresh",USDA,False,"Basil, fresh",SR Legacy,
fresh dill,0.065,3.46,43.02108,"dill weed, fresh",USDA,False,"Dill weed, fresh",SR Legacy,
fresh dill pickles,0.017,0.5,12.428312,"pickles, cucumber, dill or kosher dill",USDA,False,"Pickles, cucumber, dill or kosher dill",SR Legacy,
fresh fresh dill,0.065,3.46,43.02108,"dill weed, fresh",USDA,False,"Dill weed, fresh",SR Legacy,
fresh grated coconut,0.184,3.63,330.06728599999997,"nuts, coconut cream, raw (liquid expressed from grated meat)",USDA,False,"Nuts, coconut cream, raw (liquid expressed from grated meat)",SR Legacy,
fresh rosemary,0.169,3.31,130.975288,"rosemary, fresh",USDA,False,"Rosemary, fresh",SR Legacy,
fresh thyme,278.0,5.56,101.099538,"thyme, fresh",USDA,True,"Thyme, fresh",SR Legacy,
fuzzy melon,89.0,1.78,43.738098,horned melon (kiwano),USDA,True,Horned melon (Kiwano),SR Legacy,
garlic,331.0,6.62,142.686582,"garlic, raw",USDA,True,"Garlic, raw",Foundation,
garlic chives,331.0,6.62,142.686582,"garlic, raw",USDA,True,"Garlic, raw",Foundation,
garlic powder,331.0,6.62,142.686582,"garlic, raw",USDA,True,"Garlic, raw",Foundation,
garlic sprouts,331.0,6.62,142.686582,"garlic, raw",USDA,True,"Garlic, raw",Foundation,
ghee,0.0,0.0,900.096596,"butter, clarified butter (ghee)",USDA,False,"Butter, Clarified butter (ghee)",SR Legacy,
ginger,0.045,1.82,79.588998,"ginger root, raw",USDA,False,"Ginger root, raw",SR Legacy,
"ginger, raw",0.045,1.82,79.588998,"ginger root, raw",USDA,False,"Ginger root, raw",SR Legacy,
granny smith golden apples,13.28125,0.265625,0.0,"apples, granny smith, with skin, raw",USDA,True,"Apples, granny smith, with skin, raw",Foundation,
granulated sugar,0.0,0.0,400.0,granulated sugar,Nutritional_Data.csv,False,,,exact
grapes,213.49999999999997,4.27,68.594722,"grape leaves, canned",USDA,True,"Grape leaves, canned",SR Legacy,
grapeseed oil,0.0,0.0,900.0,grapeseed oil,Nutritional_Data.csv,False,,,exact
green apple,67.0,1.34,134.0,"apple, candied",USDA,True,"Apple, candied",Survey (FNDDS),
green bananas,0.201,3.89,346.080688,"bananas, dehydrated, or banana powder",USDA,False,"Bananas, dehydrated, or banana powder",SR Legacy,
green beans,0.0,0.0,39.130434782608695,green beans,Nutritional_Data.csv,False,,,exact
green bell pepper,0.446,10.39,250.9563,"spices, pepper, black",USDA,False,"Spices, pepper, black",SR Legacy,
green bell peppers,0.446,10.39,250.9563,"spices, pepper, black",USDA,False,"Spices, pepper, black",SR Legacy,
green cabbage,48.0625,0.96125,0.0,"cabbage, green, raw",USDA,True,"Cabbage, green, raw",Foundation,
green chili,0.022,0.72,21.032528,"peppers, chili, green, canned",USDA,False,"Peppers, chili, green, canned",SR Legacy,
green chutney,16.5,0.33,246.0,chutney,USDA,True,Chutney,Survey (FNDDS),
grilled radicchio,0.034,1.43,22.944575999999998,"radicchio, raw",USDA,False,"Radicchio, raw",SR Legacy,
ground white pepper,0.446,10.39,250.9563,"spices, pepper, black",USDA,False,"Spices, pepper, black",SR Legacy,
honey,0.011,0.3,304.015632,honey,USDA,False,Honey,SR Legacy,
horseradish,59.0,1.18,48.0,horseradish,USDA,True,Horseradish,Survey (FNDDS),
idli batter,0.604,14.2,278.920002,"turkey sticks, breaded, battered, fried",USDA,False,"Turkey sticks, breaded, battered, fried",SR Legacy,
italian seasoning,0.0,0.0,270.0,italian seasoning,Nutritional_Data.csv,False,,,exact
jaggery,0.0,0.0,383.0,jaggery,Nutritional_Data.csv,False,,,exact
jalapeno,45.5,0.91,28.441714,"peppers, jalapeno, raw",USDA,True,"Peppers, jalapeno, raw",SR Legacy,
japanese/lebanese cucumbers,0.031,0.59,10.516264,"cucumber, peeled, raw",USDA,False,"Cucumber, peeled, raw",SR Legacy,
"jicama slices, raw",0.017,0.72,38.001954,"yambean (jicama), raw",USDA,False,"Yambean (jicama), raw",SR Legacy,
kabocha,0.0,0.0,38.0,kabocha,Nutritional_Data.csv,False,,,exact
kabocha squash,40.5,0.81,24.139606,"babyfood, vegetables, squash, junior",USDA,True,"Babyfood, vegetables, squash, junior",SR Legacy,
"kabocha squash (roasted, chopped)",1.711,29.84,573.853406,"seeds, pumpkin and squash seed kernels, roasted, with salt added",USDA,False,"Seeds, pumpkin and squash seed kernels, roasted, with salt added",SR Legacy,
kailan,0.0,0.0,22.0,kailan,Nutritional_Data.csv,False,,,exact
"kohlrabi, sliced, raw",0.039,1.7,27.007678,"kohlrabi, raw",USDA,False,"Kohlrabi, raw",SR Legacy,
komatsuna,0.0,0.0,14.000000000000002,komatsuna,Nutritional_Data.csv,False,,,exact
korean red pepper flakes,0.446,10.39,250.9563,"spices, pepper, black",USDA,False,"Spices, pepper, black",SR Legacy,
kosher salt,0.0,0.0,0.0,"salt, table",USDA,False,"Salt, table",SR Legacy,
lard,0.0,0.0,902.008644,lard,USDA,False,Lard,SR Legacy,
leek,0.055,1.5,60.946529999999996,"leeks, (bulb and lower leaf-portion), raw",USDA,False,"Leeks, (bulb and lower leaf-portion), raw",SR Legacy,
lemon,17.5,0.35,21.749546,"lemon juice, raw",USDA,True,"Lemon juice, raw",SR Legacy,
lemon juice,17.5,0.35,21.749546,"lemon juice, raw",USDA,True,"Lemon juice, raw",SR Legacy,
lemon zest,17.5,0.35,21.749546,"lemon juice, raw",USDA,True,"Lemon juice, raw",SR Legacy,
lentils,0.0,0.0,115.99999999999999,lentils,Nutritional_Data.csv,False,,,exact
lettuce,37.125,0.7425,0.0,"lettuce, iceberg, raw",USDA,True,"Lettuce, iceberg, raw",Foundation,
lime juice,35.0,0.7,30.114756,"limes, raw",USDA,True,"Limes, raw",SR Legacy,
lotus root,0.047,2.6,74.330866,"lotus root, raw",USDA,False,"Lotus root, raw",SR Legacy,
low-protein beans,0.356,6.03,90.82227999999999,"beans, black, mature seeds, canned, low sodium",USDA,False,"Beans, black, mature seeds, canned, low sodium",SR Legacy,
low-protein flour,1.752,33.8,427.82074,"peanut flour, low fat",USDA,False,"Peanut flour, low fat",SR Legacy,
low-protein pasta,70.5,1.41,51.147284,"sauce, pasta, spaghetti/marinara, ready-to-serve, low sodium",USDA,True,"Sauce, pasta, spaghetti/marinara, ready-to-serve, low sodium",SR Legacy,
low-protein peanut substitute,0.055,1.0,135.755408,"cream substitute, liquid, with hydrogenated vegetable oil and soy protein",USDA,False,"Cream substitute, liquid, with hydrogenated vegetable oil and soy protein",SR Legacy,
low-protein rice,15.0,0.3,231.118802,"mayonnaise, low sodium, low calorie or diet",USDA,True,"Mayonnaise, low sodium, low calorie or diet",SR Legacy,
maize,437.5,8.75,364.245144,"corn flour, whole-grain, blue (harina de maiz morado)",USDA,True,"Corn flour, whole-grain, blue (harina de maiz morado)",SR Legacy,
"mangoes, sliced",0.027,0.82,59.7515,"mangos, raw",USDA,False,"Mangos, raw",SR Legacy,
mapl,5.0,0.1,353.967886,"sugars, maple",USDA,True,"Sugars, maple",SR Legacy,
maple syrup,0.0,0.0,250.0,maple syrup,Nutritional_Data.csv,False,,,exact
marinara sauce,0.0,0.0,68.08510638297872,marinara sauce,Nutritional_Data.csv,False,,,exact
masala powder,165.0,3.3,56.883428,"smart soup, indian bean masala",USDA,True,"SMART SOUP, Indian Bean Masala",SR Legacy,
melon,89.0,1.78,43.738098,horned melon (kiwano),USDA,True,Horned melon (Kiwano),SR Legacy,
millet flour,0.675,10.75,381.692582,millet flour,USDA,False,Millet flour,SR Legacy,
mint,0.168,3.29,43.977104,"spearmint, fresh",USDA,False,"Spearmint, fresh",SR Legacy,
mint leaves,0.168,3.29,43.977104,"spearmint, fresh",USDA,False,"Spearmint, fresh",SR Legacy,
mirin,0.0,0.0,200.0,mirin,Nutritional_Data.csv,False,,,exact
miso paste,0.486,12.79,197.896968,miso,USDA,False,Miso,SR Legacy,
miso substitute,0.486,12.79,197.896968,miso,USDA,False,Miso,SR Legacy,
mixed vegetables,0.0,0.0,40.74074074074074,mixed vegetables,Nutritional_Data.csv,False,,,exact
mushroom,0.671,2.18,0.0,"mushroom, beech",USDA,False,"Mushroom, beech",Foundation,
mushrooms,0.0,0.0,22.0,mushrooms,Nutritional_Data.csv,False,,,exact
mustard,212.5,4.25,69.0,mustard,USDA,True,Mustard,Survey (FNDDS),
"mustard greens, cooked",128.0,2.56,26.29066,"mustard greens, cooked, boiled, drained, with salt",USDA,True,"Mustard greens, cooked, boiled, drained, with salt",SR Legacy,
mustard seeds,1.173,26.08,508.126756,"spices, mustard seed, ground",USDA,False,"Spices, mustard seed, ground",SR Legacy,
napa cabbage,55.00000000000001,1.1,11.9503,"cabbage, napa, cooked",USDA,True,"Cabbage, napa, cooked",SR Legacy,
"nopales, cooked, chopped",0.052,1.35,15.53539,"nopales, cooked, without salt",USDA,False,"Nopales, cooked, without salt",SR Legacy,
nutmeg,0.0,0.0,884.0831939999999,"oil, nutmeg butter",USDA,False,"Oil, nutmeg butter",SR Legacy,
oat,0.0,0.0,884.0831939999999,"oil, oat",USDA,False,"Oil, oat",SR Legacy,
oat fiber,0.0,0.0,884.0831939999999,"oil, oat",USDA,False,"Oil, oat",SR Legacy,
oat milk,0.0,0.0,884.0831939999999,"oil, oat",USDA,False,"Oil, oat",SR Legacy,
oat milk dressing,34.5,0.69,354.92391,"salad dressing, russian dressing",USDA,True,"Salad dressing, russian dressing",SR Legacy,
oats,0.0,0.0,884.0831939999999,"oil, oat",USDA,False,"Oil, oat",SR Legacy,
oil,0.0,0.0,0.0,"oil, canola",USDA,False,"Oil, canola",Foundation,
oil salt,0.0,0.0,0.0,"salt, table",USDA,False,"Salt, table",SR Legacy,
"oil, vegetable",0.0,0.0,884.0831939999999,"oil, vegetable, soybean, refined",USDA,False,"Oil, vegetable, soybean, refined",SR Legacy,
okra,0.065,1.93,32.982828,"okra, raw",USDA,False,"Okra, raw",SR Legacy,
olive oil,0.0,0.0,884.0831939999999,"oil, corn, peanut, and olive",USDA,False,"Oil, corn, peanut, and olive",SR Legacy,
olives,36.5,0.73,282.0,olive tapenade,USDA,True,Olive tapenade,Survey (FNDDS),
onion,0.025,1.1,39.674996,"onions, raw",USDA,False,"Onions, raw",SR Legacy,
onion powder,0.025,1.1,39.674996,"onions, raw",USDA,False,"Onions, raw",SR Legacy,
"onion, raw",0.025,1.1,39.674996,"onions, raw",USDA,False,"Onions, raw",SR Legacy,
onions,0.025,1.1,39.674996,"onions, raw",USDA,False,"Onions, raw",SR Legacy,
"onions, cooked",0.025,1.1,39.674996,"onions, raw",USDA,False,"Onions, raw",SR Legacy,
"onions, raw",0.025,1.1,39.674996,"onions, raw",USDA,False,"Onions, raw",SR Legacy,
"onions, raws",0.025,1.1,39.674996,"onions, raw",USDA,False,"Onions, raw",SR Legacy,
"onions, raws, raw",0.025,1.1,39.674996,"onions, raw",USDA,False,"Onions, raw",SR Legacy,
orange,0.01,0.3,245.937174,"marmalade, orange",USDA,False,"Marmalade, orange",SR Legacy,
oranges,0.01,0.3,245.937174,"marmalade, orange",USDA,False,"Marmalade, orange",SR Legacy,
oregano,0.449,9.0,264.579642,"spices, oregano, dried",USDA,False,"Spices, oregano, dried",SR Legacy,
palm oil,0.0,0.0,884.0831939999999,"oil, palm",USDA,False,"Oil, palm",SR Legacy,
paprika,0.0,0.0,271.42857142857144,paprika,Nutritional_Data.csv,False,,,exact
parsley,0.145,2.97,36.089906,"parsley, fresh",USDA,False,"Parsley, fresh",SR Legacy,
"parsnip, raw",60.0,1.2,75.047884,"parsnips, raw",USDA,True,"Parsnips, raw",SR Legacy,
parsnips,60.0,1.2,75.047884,"parsnips, raw",USDA,True,"Parsnips, raw",SR Legacy,
pasta,288.0,5.76,157.0,"pasta, cooked",USDA,True,"Pasta, cooked",Survey (FNDDS),
peach,45.5,0.91,46.0,"peach, raw",USDA,True,"Peach, raw",Survey (FNDDS),
pear,0.011,0.36,57.122434,"pears, raw",USDA,False,"Pears, raw",SR Legacy,
pearl onions,0.025,1.1,39.674996,"onions, raw",USDA,False,"Onions, raw",SR Legacy,
peas,705.0,14.1,432.0,wasabi peas,USDA,True,Wasabi peas,Survey (FNDDS),
pepper,0.446,10.39,250.9563,"spices, pepper, black",USDA,False,"Spices, pepper, black",SR Legacy,
peppers,0.446,10.39,250.9563,"spices, pepper, black",USDA,False,"Spices, pepper, black",SR Legacy,
pickle brine,24.0,0.48,14.0,"pickles, nfs",USDA,True,"Pickles, NFS",Survey (FNDDS),
pickled cabbage,80.0,1.6,29.87575,"cabbage, japanese style, fresh, pickled",USDA,True,"Cabbage, japanese style, fresh, pickled",SR Legacy,
pickled pumpkin,24.0,0.48,14.0,"pickles, nfs",USDA,True,"Pickles, NFS",Survey (FNDDS),
pickled radish,55.00000000000001,1.1,27.963701999999998,"radishes, hawaiian style, pickled",USDA,True,"Radishes, hawaiian style, pickled",SR Legacy,
pineapple,0.0,0.0,98.30508474576271,pineapple,Nutritional_Data.csv,False,,,exact
pineapple diced,23.046875,0.4609375,0.0,"pineapple, raw",USDA,True,"Pineapple, raw",Foundation,
pku bread,300.5,6.01,374.0,"bread, fruit",USDA,True,"Bread, fruit",Survey (FNDDS),
plantain,0.03,1.09,121.176042,"plantains, green, boiled",USDA,False,"Plantains, green, boiled",SR Legacy,
plantains,0.03,1.09,121.176042,"plantains, green, boiled",USDA,False,"Plantains, green, boiled",SR Legacy,
"plantains, cooked",0.03,1.09,121.176042,"plantains, green, boiled",USDA,False,"Plantains, green, boiled",SR Legacy,
polenta,0.0,0.0,70.0,polenta,Nutritional_Data.csv,False,,,exact
pomegranate,83.5,1.67,82.696076,"pomegranates, raw",USDA,True,"Pomegranates, raw",SR Legacy,
portobello mushrooms,0.0,0.0,22.093023255813954,portobello mushrooms,Nutritional_Data.csv,False,,,exact
potato,0.285,12.5,266.49169,"bread, potato",USDA,False,"Bread, potato",SR Legacy,
potatoes,128.5,2.57,58.078458,"potatoes, raw, skin",USDA,True,"Potatoes, raw, skin",SR Legacy,
"potatoes, boiled",128.5,2.57,58.078458,"potatoes, raw, skin",USDA,True,"Potatoes, raw, skin",SR Legacy,
preserved vegetables,0.021,0.37,277.963978,jams and preserves,USDA,False,Jams and preserves,SR Legacy,
pumpkin,0.0,0.0,20.0,pumpkin,Nutritional_Data.csv,False,,,exact
pumpkin leaves,0.171,3.15,18.881474,"pumpkin leaves, raw",USDA,False,"Pumpkin leaves, raw",SR Legacy,
radicchio,0.034,1.43,22.944575999999998,"radicchio, raw",USDA,False,"Radicchio, raw",SR Legacy,
radish,0.036,0.68,15.774396,"radishes, raw",USDA,False,"Radishes, raw",SR Legacy,
"radish white icicle, sliced",0.036,1.1,14.101354,"radishes, white icicle, raw",USDA,False,"Radishes, white icicle, raw",SR Legacy,
"radish, red, small",32.8125,0.65625,0.0,"radishes, red, raw",USDA,True,"Radishes, red, raw",Foundation,
radishes,0.036,0.68,15.774396,"radishes, raw",USDA,False,"Radishes, raw",SR Legacy,
"raisins, seedless",164.0,3.28,300.669548,"raisins, golden, seedless",USDA,True,"Raisins, golden, seedless",SR Legacy,
raspberries raw,50.40625,1.008125,0.0,"raspberries, raw",USDA,True,"Raspberries, raw",Foundation,
raw ginger (fresh),0.045,1.82,79.588998,"ginger root, raw",USDA,False,"Ginger root, raw",SR Legacy,
raw papaya,0.009,0.47,42.782074,"papayas, raw",USDA,False,"Papayas, raw",SR Legacy,
raw raw turnips,0.017,0.9,27.963701999999998,"turnips, raw",USDA,False,"Turnips, raw",SR Legacy,
raw turnip,0.017,0.9,27.963701999999998,"turnips, raw",USDA,False,"Turnips, raw",SR Legacy,
raw turnips,0.017,0.9,27.963701999999998,"turnips, raw",USDA,False,"Turnips, raw",SR Legacy,
red beets,84.375,1.6875,0.0,"beets, raw",USDA,True,"Beets, raw",Foundation,
red bell pepper,0.446,10.39,250.9563,"spices, pepper, black",USDA,False,"Spices, pepper, black",SR Legacy,
red bell peppers,0.446,10.39,250.9563,"spices, pepper, black",USDA,False,"Spices, pepper, black",SR Legacy,
red cabbage,51.5,1.03,49.0,"cabbage, red, pickled",USDA,True,"Cabbage, red, pickled",Survey (FNDDS),
"red cabbage, raw",62.125,1.2425,0.0,"cabbage, red, raw",USDA,True,"Cabbage, red, raw",Foundation,
red grapes,45.71875,0.914375,0.0,"grapes, red, seedless, raw",USDA,True,"Grapes, red, seedless, raw",Foundation,
rhubarb,45.0,0.9,21.032528,"rhubarb, raw",USDA,True,"Rhubarb, raw",SR Legacy,
rice,256.0,5.12,112.0,dirty rice,USDA,True,Dirty rice,Survey (FNDDS),
rice flour,359.5,7.19,378.156727236,"flour, rice, brown",USDA,True,"Flour, rice, brown",Foundation,
rice vinegar,0.0,0.0,0.0,rice vinegar,Nutritional_Data.csv,False,,,exact
rice yogurt,256.0,5.12,112.0,dirty rice,USDA,True,Dirty rice,Survey (FNDDS),
"rice, long-grain",362.6525,7.25305,0.0,"rice, brown, long grain, unenriched, raw",USDA,True,"Rice, brown, long grain, unenriched, raw",Foundation,
ripe plantain,57.8125,1.15625,0.0,"plantains, ripe, raw",USDA,True,"Plantains, ripe, raw",Foundation,
roasted potatoes,128.5,2.57,58.078458,"potatoes, raw, skin",USDA,True,"Potatoes, raw, skin",SR Legacy,
roasted pumpkin,1.711,29.84,573.853406,"seeds, pumpkin and squash seed kernels, roasted, with salt added",USDA,False,"Seeds, pumpkin and squash seed kernels, roasted, with salt added",SR Legacy,
roasted red peppers,0.446,10.39,250.9563,"spices, pepper, black",USDA,False,"Spices, pepper, black",SR Legacy,
"romaine and cos lettuce, raw",0.065,1.23,17.208432,"lettuce, cos or romaine, raw",USDA,False,"Lettuce, cos or romaine, raw",SR Legacy,
rosemary,0.169,3.31,130.975288,"rosemary, fresh",USDA,False,"Rosemary, fresh",SR Legacy,
roti,562.5,11.25,297.56247,"bread, chapati or roti, plain, commercially prepared",USDA,True,"Bread, chapati or roti, plain, commercially prepared",SR Legacy,
sage,531.5,10.63,314.770902,"spices, sage, ground",USDA,True,"Spices, sage, ground",SR Legacy,
sage (dried),531.5,10.63,314.770902,"spices, sage, ground",USDA,True,"Spices, sage, ground",SR Legacy,
sal,495.0,9.9,293.0,"roll, white, hard",USDA,True,"Roll, white, hard",Survey (FNDDS),
salad mix,65.5,1.31,21.0,"mixed salad greens, raw",USDA,True,"Mixed salad greens, raw",Survey (FNDDS),
salt,0.0,0.0,0.0,"salt, table",USDA,False,"Salt, table",SR Legacy,
salt & pepper,0.0,0.0,0.0,"salt, table",USDA,False,"Salt, table",SR Legacy,
salt and pepper,0.0,0.0,0.0,"salt, table",USDA,False,"Salt, table",SR Legacy,
sauerkraut,45.0,0.9,40.0,sauerkraut,USDA,True,Sauerkraut,Survey (FNDDS),
scallion greens,33.4375,0.66875,0.0,"green onion, (scallion), bulb and greens, root removed, raw",USDA,True,"Green onion, (scallion), bulb and greens, root removed, raw",Foundation,
scallions,0.059,1.83,32.26581,"onions, spring or scallions (includes tops and bulb), raw",USDA,False,"Onions, spring or scallions (includes tops and bulb), raw",SR Legacy,
sea salt,0.0,0.0,0.0,"salt, table",USDA,False,"Salt, table",SR Legacy,
seaweed (rehydrated),0.0,0.0,45.0,seaweed (rehydrated),Nutritional_Data.csv,False,,,exact
seaweed paper,310.5,6.21,306.405692,"seaweed, agar, dried",USDA,True,"Seaweed, agar, dried",SR Legacy,
semolina,0.616,12.68,359.943036,"semolina, enriched",USDA,False,"Semolina, enriched",SR Legacy,
sesame oil,0.0,0.0,884.0831939999999,"oil, sesame, salad or cooking",USDA,False,"Oil, sesame, salad or cooking",SR Legacy,
sesame seeds,0.94,17.73,572.897382,"seeds, sesame seeds, whole, dried",USDA,False,"Seeds, sesame seeds, whole, dried",SR Legacy,
sev (low protein),15.0,0.3,231.118802,"mayonnaise, low sodium, low calorie or diet",USDA,True,"Mayonnaise, low sodium, low calorie or diet",SR Legacy,
"shallots, chopped",0.081,2.5,71.940806,"shallots, raw",USDA,False,"Shallots, raw",SR Legacy,
shanghai greens,51.5,1.03,145.0,"olives, green",USDA,True,"Olives, green",Survey (FNDDS),
"shiitake mushrooms, dried",0.486,9.58,295.889428,"mushrooms, shiitake, dried",USDA,False,"Mushrooms, shiitake, dried",SR Legacy,
shredded cabbage,55.00000000000001,1.1,15.53539,"cabbage, kimchi",USDA,True,"Cabbage, kimchi",SR Legacy,
smoked paprika,0.61,14.14,282.266086,"spices, paprika",USDA,False,"Spices, paprika",SR Legacy,
snow peas,20.0,0.4,128.0,snow cone,USDA,True,Snow cone,Survey (FNDDS),
soy sauce,407.0,8.14,53.0,soy sauce,USDA,True,Soy sauce,Survey (FNDDS),
soy-free sauce,0.534,10.51,59.990505999999996,soy sauce made from soy (tamari),USDA,False,Soy sauce made from soy (tamari),SR Legacy,
spaghetti (low-protein if possible),0.0,0.0,340.0,spaghetti (low-protein if possible),Nutritional_Data.csv,False,,,exact
spices (rasam powder),0.37,13.46,281.788074,"spices, chili powder",USDA,False,"Spices, chili powder",SR Legacy,
spinach,0.0,0.0,23.0,spinach,Nutritional_Data.csv,False,,,exact
"spinach, fresh or frozen, cooked",0.252,5.06,130.019264,"pasta, fresh-refrigerated, spinach, cooked",USDA,False,"Pasta, fresh-refrigerated, spinach, cooked",SR Legacy,
spring onions,0.025,1.1,39.674996,"onions, raw",USDA,False,"Onions, raw",SR Legacy,
squash,40.5,0.81,24.139606,"babyfood, vegetables, squash, junior",USDA,True,"Babyfood, vegetables, squash, junior",SR Legacy,
star anise,880.0000000000001,17.6,337.237466,"spices, anise seed",USDA,True,"Spices, anise seed",SR Legacy,
steamed carrots,0.061,0.93,41.348038,"carrots, raw",USDA,False,"Carrots, raw",SR Legacy,
steamed cauliflower,361.5,7.23,65.0,"oysters, steamed",USDA,True,"Oysters, steamed",Survey (FNDDS),
steamed idli,318.0,6.36,128.0,idli,USDA,True,Idli,Survey (FNDDS),
strawberries,0.0,0.0,96.47058823529412,"strawberries, sliced, frozen, sweetened",Nutritional_Data.csv,False,,,startswith
sugar,0.0,0.0,399.14002,"sugar, turbinado",USDA,False,"Sugar, turbinado",SR Legacy,
sugar (table),0.0,0.0,319.07301,"syrups, table blends, corn, refiner, and sugar",USDA,False,"Syrups, table blends, corn, refiner, and sugar",SR Legacy,
sun-dried tomatoes,0.027,0.88,17.686443999999998,"tomatoes, red, ripe, raw, year round average",USDA,False,"Tomatoes, red, ripe, raw, year round average",SR Legacy,
swede,0.0,0.0,37.0,swede,Nutritional_Data.csv,False,,,exact
sweet corn,0.15,3.22,85.564148,"corn, sweet, white, raw",USDA,False,"Corn, sweet, white, raw",SR Legacy,
sweet peas,0.0,0.0,81.0,sweet peas,Nutritional_Data.csv,False,,,exact
sweet potato,112.99999999999999,2.26,191.0,sweet potato tots,USDA,True,Sweet potato tots,Survey (FNDDS),
sweet potato leaves,124.50000000000001,2.49,41.82605,"sweet potato leaves, raw",USDA,True,"Sweet potato leaves, raw",SR Legacy,
sweet potatoes,128.5,2.57,58.078458,"potatoes, raw, skin",USDA,True,"Potatoes, raw, skin",SR Legacy,
tahini,869.9999999999999,17.4,592.017862,"seeds, sesame butter, tahini, type of kernels unspecified",USDA,True,"Seeds, sesame butter, tahini, type of kernels unspecified",SR Legacy,
tamarind,0.0,0.0,331.02331,"candies, tamarind",USDA,False,"Candies, Tamarind",SR Legacy,
tamarind chutney,0.0,0.0,331.02331,"candies, tamarind",USDA,False,"Candies, Tamarind",SR Legacy,
tamarind paste,0.0,0.0,331.02331,"candies, tamarind",USDA,False,"Candies, Tamarind",SR Legacy,
tamarind pulp,0.0,0.0,331.02331,"candies, tamarind",USDA,False,"Candies, Tamarind",SR Legacy,
tandoori masala,165.0,3.3,56.883428,"smart soup, indian bean masala",USDA,True,"SMART SOUP, Indian Bean Masala",SR Legacy,
taro root,0.082,1.5,112.093814,"taro, raw",USDA,False,"Taro, raw",SR Legacy,
"taro, cooked",0.028,0.52,141.969564,"taro, cooked, with salt",USDA,False,"Taro, cooked, with salt",SR Legacy,
tatsoi,0.0,0.0,20.0,tatsoi,Nutritional_Data.csv,False,,,exact
thai chili,51.5,1.03,74.0,hot thai sauce,USDA,True,Hot Thai sauce,Survey (FNDDS),
thyme,278.0,5.56,101.099538,"thyme, fresh",USDA,True,"Thyme, fresh",SR Legacy,
thyme fresh,278.0,5.56,101.099538,"thyme, fresh",USDA,True,"Thyme, fresh",SR Legacy,
tomato,0.027,0.88,17.686443999999998,"tomatoes, red, ripe, raw, year round average",USDA,False,"Tomatoes, red, ripe, raw, year round average",SR Legacy,
tomato broth,0.027,0.88,17.686443999999998,"tomatoes, red, ripe, raw, year round average",USDA,False,"Tomatoes, red, ripe, raw, year round average",SR Legacy,
tomato paste,0.027,0.88,17.686443999999998,"tomatoes, red, ripe, raw, year round average",USDA,False,"Tomatoes, red, ripe, raw, year round average",SR Legacy,
tomato puree,0.027,0.88,17.686443999999998,"tomatoes, red, ripe, raw, year round average",USDA,False,"Tomatoes, red, ripe, raw, year round average",SR Legacy,
tomato sauce,0.027,0.88,17.686443999999998,"tomatoes, red, ripe, raw, year round average",USDA,False,"Tomatoes, red, ripe, raw, year round average",SR Legacy,
"tomato, fresh juice",0.027,0.88,17.686443999999998,"tomatoes, red, ripe, raw, year round average",USDA,False,"Tomatoes, red, ripe, raw, year round average",SR Legacy,
"tomato, whole",0.027,0.88,17.686443999999998,"tomatoes, red, ripe, raw, year round average",USDA,False,"Tomatoes, red, ripe, raw, year round average",SR Legacy,
tomatoes,0.027,0.88,17.686443999999998,"tomatoes, red, ripe, raw, year round average",USDA,False,"Tomatoes, red, ripe, raw, year round average",SR Legacy,
"tomatoes, cooked",0.027,0.88,17.686443999999998,"tomatoes, red, ripe, raw, year round average",USDA,False,"Tomatoes, red, ripe, raw, year round average",SR Legacy,
turmeric,0.53,9.68,311.90283,"spices, turmeric, ground",USDA,False,"Spices, turmeric, ground",SR Legacy,
turnip,0.121,2.46,21.51054,"turnip greens and turnips, frozen, unprepared",USDA,False,"Turnip greens and turnips, frozen, unprepared",SR Legacy,
turnips,0.121,2.46,21.51054,"turnip greens and turnips, frozen, unprepared",USDA,False,"Turnip greens and turnips, frozen, unprepared",SR Legacy,
umeboshi,0.0,0.0,36.0,umeboshi,Nutritional_Data.csv,False,,,exact
unsalted butter,0.0,0.0,0.0,"salt, table",USDA,False,"Salt, table",SR Legacy,
vanilla extract,3.0,0.06,288.00223,vanilla extract,USDA,True,Vanilla extract,SR Legacy,
vegan aioli,15.0,0.3,232.0,vegan mayonnaise,USDA,True,Vegan mayonnaise,Survey (FNDDS),
vegan butter,0.0,0.0,900.096596,"butter, clarified butter (ghee)",USDA,False,"Butter, Clarified butter (ghee)",SR Legacy,
vegan cream (pku-safe),0.135,2.96,194.78988999999999,"cream, fluid, light (coffee cream or table cream)",USDA,False,"Cream, fluid, light (coffee cream or table cream)",SR Legacy,
vegan worcestershire sauce,0.0,0.0,76.720926,"sauce, worcestershire",USDA,False,"Sauce, worcestershire",SR Legacy,
vegetable broth,0.0,0.0,4.97737556561086,vegetable broth,Nutritional_Data.csv,False,,,exact
vegetable oil,0.0,0.0,884.0831939999999,"oil, vegetable, soybean, refined",USDA,False,"Oil, vegetable, soybean, refined",SR Legacy,
vinegar,0.0,0.0,21.0,vinegar,USDA,False,Vinegar,Survey (FNDDS),
vinegar/oil dressing,0.0,0.0,437.5,vinegar/oil dressing,Nutritional_Data.csv,False,,,exact
walnut,0.0,0.0,884.0831939999999,"oil, walnut",USDA,False,"Oil, walnut",SR Legacy,
water,0.0,0.0,0.0,"water, tap",USDA,False,"Water, tap",Survey (FNDDS),
water (soaking),0.553,14.03,154.397876,"lamb, new zealand, imported, brains, cooked, soaked and fried",USDA,False,"Lamb, New Zealand, imported, brains, cooked, soaked and fried",SR Legacy,
water chestnut,264.3375,5.28675,0.0,"flour, chestnut",USDA,True,"Flour, chestnut",Foundation,
water spinach,0.406,7.89,171.845314,spinach souffle,USDA,False,Spinach souffle,SR Legacy,
waterleaf,0.0,0.0,35.0,waterleaf,Nutritional_Data.csv,False,,,exact
watermelon,0.015,0.61,30.353762,"watermelon, raw",USDA,False,"Watermelon, raw",SR Legacy,
"watermelon, cubed",0.015,0.61,30.353762,"watermelon, raw",USDA,False,"Watermelon, raw",SR Legacy,
white bread,0.0,0.0,265.0,white bread,Nutritional_Data.csv,False,,,exact
white pepper,0.446,10.39,250.9563,"spices, pepper, black",USDA,False,"Spices, pepper, black",SR Legacy,
white rice,325.0,6.5,164.0,beans and white rice,USDA,True,Beans and white rice,Survey (FNDDS),
wine,2.0,0.04,49.0,wine spritzer,USDA,True,Wine spritzer,Survey (FNDDS),
winter melon,89.0,1.78,43.738098,horned melon (kiwano),USDA,True,Horned melon (Kiwano),SR Legacy,
wood ear mushroom,462.5,9.25,284.41714,"fungi, cloud ears, dried",USDA,True,"Fungi, Cloud ears, dried",SR Legacy,
wood ear mushrooms,462.5,9.25,284.41714,"fungi, cloud ears, dried",USDA,True,"Fungi, Cloud ears, dried",SR Legacy,
yam,0.071,1.53,118.068964,"yam, raw",USDA,False,"Yam, raw",SR Legacy,
yeast,1194.0,23.88,185.22965,yeast extract spread,USDA,True,Yeast extract spread,SR Legacy,
yogurt,0.0,0.0,59.0,yogurt,Nutritional_Data.csv,False,,,exact
yuzu juice,70.5,1.41,114.72288,"frozen novelties, juice type, juice with cream",USDA,True,"Frozen novelties, juice type, juice with cream",SR Legacy,
zha cai,0.0,0.0,50.0,zha cai,Nutritional_Data.csv,False,,,exact
zucchini,0.096,2.71,21.032528,"squash, zucchini, baby, raw",USDA,False,"Squash, zucchini, baby, raw",SR Legacy,
